"season","player_name","team","age","position","games_played","games_started","passes_completed","passes_attempted","passing_yards","intended_air_yards","intended_air_yards_per_attempt","completed_air_yards","completed_air_yards_per_completion","completed_air_yards_per_attempt","pass_yards_after_catch","pass_yards_after_catch_per_completion","throw_aways","spikes","drops","drops_percentage","bad_throws","bad_throws_percentage","sacks_taken","pocket_time","blitzed_count","hurried_count","hit_count","pressured_count","pressured_per_dropback","scrambled_count","yards_per_scramble","batted_balls","on_target_throws","on_target_throws_percentage","rpo_plays","rpo_total_yards","rpo_pass_attempts","rpo_passing_yards","rpo_rush_attempts","rop_rushing_yards","playaction_pass_attempts","playaction_passing_yards"
2018,"Ben Roethlisberger","PIT","36","QB",16,16,452,675,5129,5254,7.8,2327,5.1,3.4,2802,6.2,7,3,24,,122,,24,2.3,164,58,37,119,,12,8.3,,,,,,,,,,,
2018,"Patrick Mahomes","KC","23","QB",16,16,383,580,5097,5260,9.1,2489,6.5,4.3,2608,6.8,24,1,28,,95,,26,2.4,127,121,67,214,,27,7.9,,,,,,,,,,,
2018,"Matt Ryan","ATL","33","QB",16,16,422,608,4924,5210,8.6,2791,6.6,4.6,2133,5.1,18,1,36,,79,,42,2.3,201,53,48,143,,18,6.7,,,,,,,,,,,
2018,"Jared Goff","LA","24","QB",16,16,364,561,4688,4865,8.7,2562,7,4.6,2126,5.8,29,2,13,,93,,33,2.6,151,66,34,133,,18,6.2,,,,,,,,,,,
2018,"Andrew Luck","IND","29","QB",16,16,430,639,4593,4771,7.5,2621,6.1,4.1,1972,4.6,8,2,37,,88,,18,2.3,154,50,51,119,,21,7.6,,,,,,,,,,,
2018,"Aaron Rodgers","GB","35","QB",16,16,372,597,4442,5237,8.8,2308,6.2,3.9,2134,5.7,48,2,27,,106,,49,2.5,153,90,38,177,,34,8.3,,,,,,,,,,,
2018,"Tom Brady","NE","41","QB",16,16,375,570,4355,4487,7.9,2234,6,3.9,2121,5.7,22,2,25,,103,,21,2.4,108,48,39,108,,5,6.6,,,,,,,,,,,
2018,"Philip Rivers","LAC","37","QB",16,16,347,508,4308,3947,7.8,2192,6.3,4.3,2116,6.1,13,0,23,,64,,32,2.4,151,45,46,123,,5,3.4,,,,,,,,,,,
2018,"Eli Manning","NYG","37","QB",16,16,380,576,4299,4239,7.4,2147,5.7,3.7,2152,5.7,9,1,24,,94,,47,2.4,122,64,41,152,,4,4,,,,,,,,,,,
2018,"Kirk Cousins","MIN","30","QB",16,16,425,606,4298,4390,7.2,2345,5.5,3.9,1953,4.6,17,3,25,,68,,40,2.5,143,97,39,176,,17,5.6,,,,,,,,,,,
2018,"Deshaun Watson","HOU","23","QB",16,16,345,505,4165,4270,8.5,2412,7,4.8,1753,5.1,13,6,17,,84,,62,2.5,163,77,59,198,,58,7.2,,,,,,,,,,,
2018,"Derek Carr","LV","27","QB",16,16,381,553,4049,3784,6.8,2066,5.4,3.7,1983,5.2,21,7,33,,66,,51,2.3,141,69,28,148,,8,6.4,,,,,,,,,,,
2018,"Drew Brees","NO","39","QB",15,15,364,489,3992,3495,7.1,2165,5.9,4.4,1827,5,13,0,22,,49,,17,2.4,137,43,24,84,,4,6.8,,,,,,,,,,,
2018,"Case Keenum","DEN","30","QB",16,16,365,586,3890,4345,7.4,2089,5.7,3.6,1801,4.9,35,2,34,,95,,34,2.3,180,77,51,162,,12,7.7,,,,,,,,,,,
2018,"Dak Prescott","DAL","25","QB",16,16,356,526,3885,3967,7.5,1993,5.6,3.8,1892,5.3,13,0,22,,89,,56,2.4,168,73,49,178,,29,6.7,,,,,,,,,,,
2018,"Matthew Stafford","DET","30","QB",16,16,367,555,3777,3840,6.9,1759,4.8,3.2,2018,5.5,15,1,29,,94,,40,2.3,165,56,34,130,,12,6.5,,,,,,,,,,,
2018,"Baker Mayfield","CLE","23","QB",14,13,310,486,3725,4514,9.3,2029,6.5,4.2,1696,5.5,13,3,31,,81,,25,2.2,169,84,18,127,,17,8.4,,,,,,,,,,,
2018,"Russell Wilson","SEA","30","QB",16,16,280,427,3448,3843,9,2063,7.4,4.8,1385,4.9,24,8,18,,61,,51,2.5,145,82,31,164,,30,9.6,,,,,,,,,,,
2018,"Cam Newton","CAR","29","QB",14,14,320,471,3395,3384,7.2,1652,5.2,3.5,1743,5.4,16,3,24,,62,,29,2.3,135,49,22,100,,27,7.4,,,,,,,,,,,
2018,"Mitchell Trubisky","CHI","24","QB",14,14,289,434,3223,3836,8.8,1809,6.3,4.2,1414,4.9,10,1,11,,78,,24,2.4,120,59,18,101,,36,8.9,,,,,,,,,,,
2018,"Carson Wentz","PHI","26","QB",11,11,279,401,3074,3074,7.7,1677,6,4.2,1397,5,3,2,15,,57,,31,2.3,124,44,31,106,,16,5.8,,,,,,,,,,,
2018,"Jameis Winston","TB","24","QB",11,9,244,378,2992,4079,10.8,2082,8.5,5.5,910,3.7,5,1,18,,60,,27,2.4,84,43,29,99,,36,7.1,,,,,,,,,,,
2018,"Sam Darnold","NYJ","21","QB",13,13,239,414,2865,3843,9.3,1605,6.7,3.9,1260,5.3,24,1,19,,75,,30,2.4,107,69,12,111,,15,7.7,,,,,,,,,,,
2018,"Blake Bortles","JAX","26","QB",13,12,243,403,2718,2844,7.1,1213,5,3,1505,6.2,12,0,24,,70,,31,2.4,128,30,31,92,,40,6.7,,,,,,,,,,,
2018,"Andy Dalton","CIN","31","QB",11,11,226,365,2566,2947,8.1,1424,6.3,3.9,1142,5.1,9,3,18,,55,,21,2.3,100,54,15,90,,12,8.3,,,,,,,,,,,
2018,"Marcus Mariota","TEN","25","QB",14,13,228,331,2528,2525,7.6,1271,5.6,3.8,1257,5.5,12,0,15,,53,,42,2.4,108,59,14,115,,33,7.6,,,,,,,,,,,
2018,"Joe Flacco","BAL","33","QB",9,9,232,379,2465,3237,8.5,1450,6.3,3.8,1015,4.4,9,3,22,,65,,16,2.3,116,47,22,85,,4,7,,,,,,,,,,,
2018,"Ryan Fitzpatrick","TB","36","QB",8,7,164,246,2366,2546,10.3,1492,9.1,6.1,874,5.3,6,0,8,,36,,14,2.4,76,24,27,65,,23,6.2,,,,,,,,,,,
2018,"Josh Rosen","ARI","21","QB",14,13,217,393,2278,3262,8.3,1301,6,3.3,977,4.5,22,1,21,,76,,45,2.3,106,39,38,122,,14,10.4,,,,,,,,,,,
2018,"Nick Mullens","SF","23","QB",8,8,176,274,2277,1815,6.6,1057,6,3.9,1220,6.9,13,4,12,,34,,17,2.3,79,32,41,90,,1,1,,,,,,,,,,,
2018,"Alex Smith","WAS","34","QB",10,10,205,328,2180,2650,8.1,1205,5.9,3.7,975,4.8,14,2,15,,56,,22,2.4,82,51,23,96,,21,6.2,,,,,,,,,,,
2018,"Josh Allen","BUF","22","QB",12,11,169,320,2074,3508,11,1126,6.7,3.5,948,5.6,17,0,18,,78,,28,2.4,126,54,33,115,,46,11,,,,,,,,,,,
2018,"Ryan Tannehill","MIA","30","QB",11,11,176,274,1979,2233,8.1,908,5.2,3.3,1071,6.1,9,1,11,,41,,35,2.4,97,30,32,97,,7,10.1,,,,,,,,,,,
2018,"Nick Foles","PHI","29","QB",5,5,141,195,1413,1288,6.6,706,5,3.6,707,5,3,2,8,,20,,9,2.4,38,19,16,44,,2,3,,,,,,,,,,,
2018,"CJ Beathard","SF","25","QB",6,5,102,169,1252,1115,6.6,524,5.1,3.1,728,7.1,5,0,10,,27,,18,2.3,62,10,18,46,,11,5.5,,,,,,,,,,,
2018,"Brock Osweiler","MIA","28","QB",7,5,113,178,1247,1424,8,578,5.1,3.2,669,5.9,11,1,5,,29,,17,2.3,41,31,11,59,,4,5.3,,,,,,,,,,,
2018,"Lamar Jackson","BAL","21","QB",16,7,99,170,1201,1479,8.7,685,6.9,4,516,5.2,6,0,7,,34,,16,2.5,51,33,9,58,,19,6.2,,,,,,,,,,,
2018,"Jeff Driskel","CIN","25","QB",9,5,105,176,1003,1297,7.4,495,4.7,2.8,508,4.8,5,0,12,,37,,16,2.4,57,9,16,41,,11,7.4,,,,,,,,,,,
2018,"Jimmy Garoppolo","SF","27","QB",3,3,53,89,718,792,8.9,350,6.6,3.9,368,6.9,2,0,5,,16,,13,2.4,21,16,4,33,,5,6.6,,,,,,,,,,,
2018,"Cody Kessler","JAX","25","QB",5,4,85,131,709,880,6.7,364,4.3,2.8,345,4.1,10,0,9,,18,,22,2.5,42,27,13,62,,15,8,,,,,,,,,,,
2018,"Blaine Gabbert","TEN","29","QB",8,3,61,101,626,710,7,325,5.3,3.2,301,4.9,2,0,4,,24,,5,2.1,28,9,2,16,,0,,,,,,,,,,,,
2018,"Josh Johnson","WAS","32","QB",4,3,52,91,590,825,9.1,274,5.3,3,316,6.1,6,0,8,,12,,9,2.6,36,18,6,33,,13,6.5,,,,,,,,,,,
2018,"Josh McCown","NYJ","39","QB",4,3,60,110,539,805,7.3,231,3.9,2.1,308,5.1,3,1,7,,24,,7,2.3,47,8,14,29,,5,6.4,,,,,,,,,,,
2018,"Chase Daniel","CHI","32","QB",5,2,53,76,515,648,8.5,347,6.5,4.6,168,3.2,0,0,2,,12,,9,2.5,20,5,5,19,,2,3,,,,,,,,,,,
2018,"Tyrod Taylor","CLE","29","QB",4,3,42,85,473,846,10,275,6.5,3.2,198,4.7,5,1,5,,19,,13,2.4,37,21,9,43,,11,10.1,,,,,,,,,,,
2018,"Derek Anderson","BUF","35","QB",2,2,42,70,465,618,8.8,291,6.9,4.2,174,4.1,1,0,3,,12,,5,2.4,18,14,5,24,,0,,,,,,,,,,,,
2018,"Sam Bradford","ARI","31","QB",3,3,50,80,400,512,6.4,208,4.2,2.6,192,3.8,2,0,5,,11,,6,2.2,17,8,9,23,,1,8,,,,,,,,,,,
2018,"Colt McCoy","WAS","32","QB",3,2,34,54,372,479,8.9,221,6.5,4.1,151,4.4,0,2,0,,7,,6,2.3,6,8,3,17,,7,7.9,,,,,,,,,,,
2018,"Taylor Heinicke","CAR","25","QB",6,1,35,57,320,512,9,173,4.9,3,147,4.2,3,1,0,,14,,2,2.3,17,5,8,15,,2,15,,,,,,,,,,,
2018,"Nathan Peterman","BUF","24","QB",4,2,44,81,296,493,6.1,113,2.6,1.4,183,4.2,3,0,3,,15,,7,2.4,32,12,7,26,,8,6,,,,,,,,,,,
2018,"Kyle Allen","CAR","22","QB",2,1,20,31,266,243,7.8,174,8.7,5.6,92,4.6,1,0,0,,9,,0,2.4,11,3,5,8,,3,5.7,,,,,,,,,,,
2018,"Matt Barkley","BUF","28","QB",1,1,15,25,232,310,12.4,155,10.3,6.2,77,5.1,0,0,0,,4,,1,2.3,8,2,3,6,,0,,,,,,,,,,,,
2018,"DeShone Kizer","GB","22","QB",3,0,20,42,187,421,10,128,6.4,3,59,3,3,1,4,,10,,4,2.5,5,5,4,13,,4,10,,,,,,,,,,,
2018,"Mike Glennon","ARI","29","QB",2,0,15,21,174,177,8.4,90,6,4.3,84,5.6,0,0,0,,5,,1,2,4,1,0,2,,0,,,,,,,,,,,,
2018,"Mark Sanchez","WAS","32","QB",2,1,19,35,138,220,6.3,51,2.7,1.5,87,4.6,0,0,6,,5,,7,2.4,8,10,4,21,,1,8,,,,,,,,,,,
2018,"Teddy Bridgewater","NO","26","QB",5,1,14,23,118,141,6.1,65,4.6,2.8,53,3.8,1,0,0,,2,,2,2.7,6,5,0,7,,3,3.7,,,,,,,,,,,
2018,"Odell Beckham","NYG","26","WR",12,12,2,2,106,68,34,68,34,34,38,19,0,0,0,,0,,0,3,2,0,0,0,,0,,,,,,,,,,,,
2018,"Kevin Byard","TEN","25","FS",16,16,1,1,66,17,17,17,17,17,49,49,0,0,0,,0,,0,0,0,0,0,0,,0,,,,,,,,,,,,
2018,"Taysom Hill","NO","28","QB",16,4,3,7,64,126,18,46,15.3,6.6,18,6,0,0,2,,1,,1,2.2,1,0,1,2,,2,7,,,,,,,,,,,
2018,"Jarvis Landry","CLE","26","WR",16,14,1,2,63,77,38.5,46,46,23,17,17,0,0,0,,0,,0,1.9,0,0,0,0,,0,,,,,,,,,,,,
2018,"Matt Cassel","DET","36","QB",2,0,7,17,59,124,7.3,30,4.3,1.8,29,4.1,1,0,1,,5,,1,2.3,3,1,0,2,,1,14,,,,,,,,,,,
2018,"Albert Wilson","MIA","26","WR",7,3,1,1,52,19,19,19,19,19,33,33,0,0,0,,0,,0,1.1,0,0,0,0,,0,,,,,,,,,,,,
2018,"Christian McCaffrey","CAR","22","RB",16,16,1,1,50,13,13,13,13,13,37,37,0,0,0,,0,,0,2.3,1,0,0,0,,0,,,,,,,,,,,,
2018,"Joshua Dobbs","PIT","23","QB",5,0,6,12,43,59,4.9,24,4,2,19,3.2,0,0,0,,2,,0,2.5,2,1,1,2,,2,7.5,,,,,,,,,,,
2018,"Julian Edelman","NE","32","WR",12,12,2,2,43,-2,-1,-2,-1,-1,45,22.5,0,0,0,,0,,0,1,0,0,0,0,,0,,,,,,,,,,,,
2018,"Garrett Gilbert","CAR","27","QB",1,0,2,3,40,17,5.7,10,5,3.3,30,15,1,0,0,,0,,1,3.3,3,1,1,3,,0,,,,,,,,,,,,
2018,"Larry Fitzgerald","ARI","35","WR",16,16,1,1,32,28,28,28,28,28,4,4,0,0,0,,0,,0,3.3,0,0,0,0,,0,,,,,,,,,,,,
2018,"Chad Henne","KC","33","QB",1,0,2,3,29,18,6,14,7,4.7,15,7.5,0,0,1,,0,,0,1.8,2,0,0,0,,0,,,,,,,,,,,,
2018,"Danny Amendola","MIA","33","WR",15,15,1,1,28,25,25,25,25,25,3,3,0,0,0,,0,,0,1,0,0,0,0,,0,,,,,,,,,,,,
2018,"Emmanuel Sanders","DEN","31","WR",12,12,1,1,28,28,28,28,28,28,0,0,0,0,0,,0,,0,3.5,0,0,0,0,,0,,,,,,,,,,,,
2018,"Sean Mannion","LA","26","QB",3,0,2,3,23,-10,-3.3,-4,-2,-1.3,27,13.5,0,0,1,,0,,0,2.2,1,0,0,0,,0,,,,,,,,,,,,
2018,"Nate Sudfeld","PHI","25","QB",2,0,1,2,22,9,4.5,-1,-1,-0.5,23,23,0,0,0,,1,,0,2.1,1,1,0,1,,0,,,,,,,,,,,,
2018,"Robert Griffin","BAL","28","QB",3,0,2,6,21,72,12,-5,-2.5,-0.8,26,13,1,0,0,,2,,0,2.3,4,1,0,1,,0,,,,,,,,,,,,
2018,"Darius Jennings","TEN","26","WR",16,0,1,1,21,10,10,10,10,10,11,11,0,0,0,,0,,0,1.7,1,0,0,0,,0,,,,,,,,,,,,
2018,"Sam Koch","BAL","36","P",16,0,1,1,21,19,19,19,19,19,2,2,0,0,0,,0,,0,0,0,0,0,0,,0,,,,,,,,,,,,
2018,"Matt Schaub","ATL","37","QB",3,0,5,7,20,32,4.6,12,2.4,1.7,8,1.6,0,0,1,,1,,0,1.5,0,0,0,0,,0,,,,,,,,,,,,
2018,"Johnny Hekker","LA","28","P",16,0,2,4,19,51,12.8,8,4,2,11,5.5,0,0,0,,0,,0,0,0,0,0,0,,0,,,,,,,,,,,,
2018,"Nelson Agholor","PHI","25","WR",16,16,1,1,15,8,8,8,8,8,7,7,0,0,0,,0,,0,1,0,0,0,0,,0,,,,,,,,,,,,
2018,"Logan Thomas","BUF","27","TE",12,3,1,1,15,8,8,8,8,8,7,7,0,0,0,,0,,0,0,0,0,0,0,,0,,,,,,,,,,,,
2018,"Derrick Henry","TEN","24","RB",16,12,2,3,14,12,4,-7,-3.5,-2.3,21,10.5,0,0,0,,1,,0,1.4,0,1,0,1,,0,,,,,,,,,,,,
2018,"Colby Wadman","DEN","23","P",12,0,1,1,12,-1,-1,-1,-1,-1,13,13,0,0,0,,0,,0,0,0,0,0,0,,0,,,,,,,,,,,,
2018,"AJ McCarron","LV","28","QB",2,0,1,3,8,7,2.3,7,7,2.3,1,1,2,0,0,,0,,1,2.6,0,1,1,3,,0,,,,,,,,,,,,
2018,"Anthony Miller","CHI","24","WR",15,4,1,1,8,-6,-6,-6,-6,-6,14,14,0,0,0,,0,,0,1.7,1,0,1,1,,0,,,,,,,,,,,,
2018,"Matt Prater","DET","34","K",16,0,1,1,8,8,8,8,8,8,0,0,0,0,0,,0,,0,0,0,0,0,0,,0,,,,,,,,,,,,
2018,"Geno Smith","LAC","28","QB",5,0,1,4,8,11,2.8,-3,-3,-0.8,11,11,1,0,0,,0,,1,2.6,1,2,2,5,,1,9,,,,,,,,,,,
2018,"Brian Hoyer","NE","33","QB",5,0,1,2,7,4,2,-3,-3,-1.5,10,10,0,0,0,,1,,0,1.4,0,0,0,0,,0,,,,,,,,,,,,
2018,"Tress Way","WAS","28","P",16,0,1,1,7,7,7,7,7,7,0,0,0,0,0,,0,,0,0,0,0,0,0,,0,,,,,,,,,,,,
2018,"Mohamed Sanu","ATL","29","WR",16,16,1,2,5,37,18.5,1,1,0.5,4,4,0,0,0,,1,,0,2.8,1,0,0,0,,0,,,,,,,,,,,,
2018,"Logan Cooke","JAX","23","P",16,0,1,1,4,-4,-4,-4,-4,-4,8,8,0,0,0,,0,,0,0,0,0,0,0,,0,,,,,,,,,,,,
2018,"Kenny Stills","MIA","26","WR",15,15,1,1,3,2,2,2,2,2,1,1,0,0,0,,0,,0,1.2,0,0,0,0,,0,,,,,,,,,,,,
2018,"Chris Boswell","PIT","27","K",15,0,1,1,2,2,2,2,2,2,0,0,0,0,0,,0,,0,0,0,0,0,0,,0,,,,,,,,,,,,
2018,"Jacoby Brissett","IND","26","QB",4,0,2,4,2,82,20.5,1,0.5,0.3,1,0.5,0,0,0,,1,,0,2.1,2,1,1,2,,0,,,,,,,,,,,,
2018,"Tarik Cohen","CHI","23","RB",16,7,1,1,1,1,1,1,1,1,0,0,0,0,0,,0,,0,1.5,0,0,0,0,,0,,,,,,,,,,,,
2018,"Bryan Anger","TB","30","P",16,0,0,1,0,10,10,0,,0,0,,0,0,0,,0,,0,0,0,0,0,0,,0,,,,,,,,,,,,
2018,"Cole Beasley","DAL","29","WR",16,4,0,1,0,11,11,0,,0,0,,0,0,0,,1,,0,5.1,1,1,0,1,,0,,,,,,,,,,,,
2018,"Corey Bojorquez","BUF","22","P",8,0,0,1,0,-8,-8,0,,0,0,,0,0,0,,0,,0,0,0,0,0,0,,0,,,,,,,,,,,,
2018,"Tyler Boyd","CIN","24","WR",14,14,0,1,0,34,34,0,,0,0,,0,0,0,,1,,0,3.1,1,0,1,1,,0,,,,,,,,,,,,
2018,"Antonio Brown","PIT","30","WR",15,15,0,1,0,12,12,0,,0,0,,0,0,0,,1,,0,0.7,0,0,1,1,,0,,,,,,,,,,,,
2018,"Eric Ebron","IND","25","TE",16,8,0,1,0,4,4,0,,0,0,,0,0,0,,1,,0,2.7,0,0,0,0,,0,,,,,,,,,,,,
2018,"Bruce Ellington","2TM","27","WR",7,3,0,1,0,10,10,0,,0,0,,1,0,0,,0,,0,,0,0,0,0,,0,,,,,,,,,,,,
2018,"Dontrell Hilliard","CLE","23","RB",11,0,0,1,0,12,12,0,,0,0,,0,0,0,,1,,0,2.7,0,0,0,0,,0,,,,,,,,,,,,
2018,"DeAndre Hopkins","HOU","26","WR",16,16,0,1,0,17,17,0,,0,0,,0,0,0,,1,,0,1.4,0,0,0,0,,0,,,,,,,,,,,,
2018,"Zay Jones","BUF","23","WR",16,15,0,1,0,13,13,0,,0,0,,0,0,0,,1,,0,1.1,0,0,1,1,,0,,,,,,,,,,,,
2018,"Kyle Lauletta","NYG","23","QB",2,0,0,5,0,62,12.4,0,,0,0,,0,0,0,,2,,0,2.5,2,0,3,3,,0,,,,,,,,,,,,
2018,"JK Scott","GB","23","K",16,0,0,1,0,-2,-2,0,,0,0,,0,0,0,,0,,0,0,0,0,0,0,,0,,,,,,,,,,,,
2018,"Dede Westbrook","JAX","25","WR",16,9,0,1,0,12,12,0,,0,0,,0,0,0,,1,,0,2.8,1,0,1,1,,0,,,,,,,,,,,,
2019,"Jameis Winston","TB","25","QB",16,16,380,626,5109,6486,10.4,3249,8.6,5.2,1860,4.9,22,2,23,,124,,47,2.5,241,60,54,161,,31,7.4,11,421,,9,82,8,80,1,2,93,1133
2019,"Dak Prescott","DAL","26","QB",16,16,388,596,4902,5539,9.3,2984,7.7,5,1918,4.9,14,1,36,,86,,23,2.6,155,40,57,120,,20,7.3,9,451,,54,453,45,383,9,70,129,1239
2019,"Jared Goff","LA","25","QB",16,16,394,626,4638,4825,7.7,2388,6.1,3.8,2250,5.7,15,1,27,,123,,22,2.6,219,52,48,122,,10,3.8,17,437,,2,3,0,0,2,3,182,1564
2019,"Philip Rivers","LAC","38","QB",16,16,390,591,4615,5025,8.5,2430,6.2,4.1,2185,5.6,16,3,25,,88,,34,2.5,114,40,56,130,,6,5.5,13,439,,36,403,36,403,0,0,90,861
2019,"Matt Ryan","ATL","34","QB",15,15,408,616,4466,5009,8.1,2816,6.9,4.6,1650,4,27,1,17,,86,,48,2.5,199,54,62,164,,21,7.1,19,443,,31,253,31,253,0,0,108,827
2019,"Russell Wilson","SEA","31","QB",16,16,341,516,4110,4836,9.4,2402,7,4.7,1708,5,20,3,17,,91,,48,2.5,221,71,57,176,,45,7.4,9,376,,51,377,38,344,9,33,117,1059
2019,"Tom Brady","NE","42","QB",16,16,373,613,4057,4638,7.6,2233,6,3.6,1824,4.9,40,0,34,,118,,27,2.5,198,55,37,119,,3,11,6,419,,21,119,21,119,0,0,124,980
2019,"Derek Carr","LV","28","QB",16,16,361,513,4054,3364,6.6,1932,5.4,3.8,2122,5.9,28,2,25,,53,,29,2.5,107,67,17,113,,14,5.5,9,399,,18,120,17,108,1,12,84,709
2019,"Carson Wentz","PHI","27","QB",16,16,388,607,4039,4878,8,2235,5.8,3.7,1804,4.6,10,1,28,,106,,37,2.4,184,67,53,157,,28,6.3,16,431,,79,447,68,396,7,51,149,1062
2019,"Patrick Mahomes","KC","24","QB",14,14,319,484,4031,4273,8.8,2076,6.5,4.3,1955,6.1,19,0,25,,85,,17,2.5,108,54,34,105,,23,9.3,6,359,,71,497,64,469,6,28,115,908
2019,"Aaron Rodgers","GB","36","QB",16,16,353,569,4002,5005,8.8,1993,5.6,3.5,2009,5.7,31,1,24,,114,,36,2.6,154,57,45,138,,26,7.8,3,401,,32,107,30,107,0,0,124,966
2019,"Jimmy Garoppolo","SF","28","QB",16,16,329,476,3978,3106,6.5,1819,5.5,3.8,2159,6.6,7,2,28,,64,,36,2.4,201,41,32,109,,12,4.7,6,377,,24,349,23,349,0,0,125,1438
2019,"Deshaun Watson","HOU","24","QB",15,15,333,495,3852,4396,8.9,2166,6.5,4.4,1686,5.1,15,2,21,,80,,44,2.5,167,47,39,130,,44,7.1,6,367,,92,637,65,517,25,120,94,813
2019,"Baker Mayfield","CLE","24","QB",16,16,317,534,3827,4516,8.5,2007,6.3,3.8,1820,5.7,19,2,30,,93,,40,2.3,211,65,24,129,,17,7.9,20,362,,60,470,58,471,1,-1,125,1128
2019,"Kyler Murray","ARI","22","QB",16,16,349,542,3722,3987,7.4,1870,5.4,3.5,1852,5.3,24,4,17,,92,,48,2.3,151,63,16,127,,28,6.9,18,378,,108,780,70,536,33,244,116,938
2019,"Kirk Cousins","MIN","31","QB",15,15,307,444,3603,3395,7.6,1818,5.9,4.1,1785,5.8,24,0,17,,65,,28,2.7,107,48,30,106,,9,5.6,9,332,,1,46,1,46,0,0,124,1235
2019,"Ryan Fitzpatrick","MIA","37","QB",15,13,311,502,3529,4467,8.9,2264,7.3,4.5,1265,4.1,7,3,28,,87,,40,2.3,192,48,66,154,,35,7.6,15,358,,15,75,13,75,0,0,66,564
2019,"Andy Dalton","CIN","32","QB",13,13,314,528,3494,3991,7.6,1843,5.9,3.5,1651,5.3,17,7,27,,92,,37,2.3,188,36,24,97,,10,6,14,362,,38,206,33,198,5,8,103,692
2019,"Kyle Allen","CAR","23","QB",13,12,303,489,3322,3965,8.1,1649,5.4,3.4,1673,5.5,25,1,28,,77,,46,2.4,131,50,28,124,,19,5.3,14,353,,56,446,52,439,2,7,103,787
2019,"Gardner Minshew","JAX","23","QB",14,12,285,470,3271,3346,7.1,1687,5.9,3.6,1584,5.6,18,1,24,,84,,33,2.4,147,55,29,117,,49,7.1,8,332,,19,197,16,194,2,3,58,658
2019,"Mitchell Trubisky","CHI","25","QB",15,15,326,516,3138,4108,8,1729,5.3,3.4,1409,4.3,7,3,28,,93,,38,2.3,140,56,32,126,,22,5.5,8,377,,40,203,26,132,14,71,86,692
2019,"Lamar Jackson","BAL","22","QB",15,15,265,401,3127,3545,8.8,1767,6.7,4.4,1360,5.1,11,2,14,,68,,23,2.6,138,31,21,75,,39,11,12,295,,173,1259,77,588,92,671,116,892
2019,"Josh Allen","BUF","23","QB",16,16,271,461,3089,4266,9.3,1758,6.5,3.8,1331,4.9,25,3,31,,88,,38,2.3,201,45,43,126,,43,7.3,10,317,,42,267,32,240,8,27,93,787
2019,"Daniel Jones","NYG","22","QB",13,12,284,459,3027,3689,8,1619,5.7,3.5,1408,5,12,0,17,,80,,38,2.5,131,48,66,152,,27,8.4,6,318,,37,325,28,297,5,28,75,639
2019,"Sam Darnold","NYJ","22","QB",13,13,273,441,3024,3614,8.2,1549,5.7,3.5,1475,5.4,23,2,25,,74,,33,2.5,166,63,39,135,,8,8,10,313,,35,241,32,235,2,6,92,675
2019,"Drew Brees","NO","40","QB",11,11,281,378,2979,2429,6.4,1488,5.3,3.9,1491,5.3,9,5,13,,39,,12,2.3,114,25,17,54,,0,,4,306,,2,27,2,27,0,0,53,492
2019,"Jacoby Brissett","IND","27","QB",15,15,272,447,2942,3521,7.9,1437,5.3,3.2,1505,5.5,21,3,24,,78,,27,2.6,135,56,54,137,,33,6.1,12,315,,60,343,50,305,9,38,110,827
2019,"Ryan Tannehill","TEN","31","QB",12,10,201,286,2742,2715,9.5,1494,7.4,5.2,1248,6.2,5,3,9,,35,,31,2.6,104,25,24,80,,15,11,6,225,,7,90,5,85,2,5,74,1095
2019,"Matthew Stafford","DET","31","QB",8,8,187,291,2499,3097,10.6,1609,8.6,5.5,890,4.8,5,2,9,,59,,18,2.4,87,23,20,61,,10,5.6,5,201,,14,90,8,52,5,38,69,672
2019,"Joe Flacco","DEN","34","QB",8,8,171,262,1822,1750,6.7,915,5.4,3.5,907,5.3,12,1,15,,40,,26,2.4,76,41,14,81,,5,4.2,9,194,,4,16,4,16,0,0,38,287
2019,"Mason Rudolph","PIT","24","QB",10,8,176,283,1765,2286,8.1,836,4.8,3,929,5.3,14,0,16,,54,,15,2.6,113,35,30,80,,10,5,4,192,,14,89,13,88,1,1,39,165
2019,"Case Keenum","WAS","31","QB",10,8,160,247,1707,1700,6.9,907,5.7,3.7,800,5,7,2,12,,41,,15,2.5,64,35,27,77,,3,5,6,173,,14,51,14,51,0,0,48,425
2019,"Teddy Bridgewater","NO","27","QB",9,5,133,196,1384,1208,6.2,632,4.8,3.2,752,5.7,9,0,16,,22,,12,2.5,46,22,10,44,,12,3.3,4,152,,0,0,0,0,0,0,29,360
2019,"Dwayne Haskins","WAS","22","QB",9,7,119,203,1365,1751,8.6,750,6.3,3.7,615,5.2,6,1,14,,38,,29,2.6,75,30,17,76,,12,6.7,4,145,,7,35,6,35,0,0,40,335
2019,"Marcus Mariota","TEN","26","QB",7,6,95,160,1203,1121,7,606,6.4,3.8,597,6.3,9,2,10,,31,,25,2.4,57,23,12,60,,13,6.7,2,107,,19,165,14,147,5,18,42,473
2019,"Devlin Hodges","PIT","23","QB",8,6,100,160,1063,1168,7.3,482,4.8,3,581,5.8,15,0,9,,28,,15,2.5,73,15,13,43,,8,9,2,112,,14,67,12,68,2,-1,18,116
2019,"Eli Manning","NYG","38","QB",4,4,91,147,1042,1199,8.2,625,6.9,4.3,417,4.6,4,0,4,,28,,5,2.4,37,10,8,23,,1,6,4,106,,14,112,14,112,0,0,34,282
2019,"Drew Lock","DEN","23","QB",5,5,100,156,1020,1053,6.8,467,4.7,3,553,5.5,4,0,9,,27,,5,2.6,47,16,18,39,,11,6.7,1,111,,13,91,12,91,0,0,31,284
2019,"David Blough","DET","24","QB",5,5,94,174,984,1484,8.5,655,7,3.8,329,3.5,6,0,8,,43,,14,2.6,63,18,12,44,,6,5.3,6,101,,2,0,2,0,0,0,31,220
2019,"Nick Foles","JAX","30","QB",4,4,77,117,736,990,8.5,382,5,3.3,354,4.6,5,0,4,,13,,8,2.3,27,7,5,20,,2,3.5,2,88,,6,36,5,23,1,13,14,92
2019,"Jeff Driskel","DET","26","QB",3,3,62,105,685,861,8.2,405,6.5,3.9,280,4.5,5,2,3,,23,,11,2.6,26,18,15,44,,12,8.9,2,68,,8,40,0,0,8,40,14,44
2019,"Matt Moore","KC","35","QB",6,2,59,91,659,635,7,377,6.4,4.1,282,4.8,1,1,3,,15,,8,2.4,21,6,11,25,,1,3,3,68,,14,137,13,137,0,0,30,343
2019,"Matt Schaub","ATL","38","QB",6,1,50,67,580,488,7.3,314,6.3,4.7,266,5.3,1,2,0,,10,,2,2.2,17,2,6,10,,0,,0,50,,2,0,2,0,0,0,13,143
2019,"Cam Newton","CAR","30","QB",2,2,50,89,572,793,8.9,368,7.4,4.1,204,4.1,2,1,3,,26,,6,2.2,43,12,5,23,,1,3,2,54,,15,116,12,116,2,0,22,195
2019,"Josh Rosen","MIA","22","QB",6,3,58,109,567,901,8.3,250,4.3,2.3,317,5.5,1,0,8,,24,,16,2.4,28,16,15,47,,3,4.3,7,73,,11,26,10,26,0,0,15,40
2019,"Brandon Allen","DEN","27","QB",3,3,39,84,515,646,7.7,281,7.2,3.3,234,6,9,0,3,,18,,9,2.3,30,5,4,18,,5,5.8,2,51,,8,25,7,14,1,11,24,273
2019,"Ryan Finley","CIN","25","QB",3,3,41,87,474,721,8.3,271,6.6,3.1,203,5,3,0,4,,19,,11,2.7,40,19,7,37,,6,11.5,2,52,,3,1,2,0,1,1,14,131
2019,"Chase Daniel","CHI","33","QB",3,1,45,64,435,425,6.6,300,6.7,4.7,135,3,0,0,4,,9,,7,2.5,12,8,5,20,,1,2,1,51,,4,26,4,26,0,0,14,82
2019,"Luke Falk","NYJ","25","QB",3,2,47,73,416,397,5.4,152,3.2,2.1,264,5.6,2,0,4,,11,,16,2.4,33,12,9,37,,0,,3,53,,3,22,3,22,0,0,14,113
2019,"Brian Hoyer","IND","34","QB",4,1,35,65,372,559,8.6,215,6.1,3.3,157,4.5,1,0,3,,14,,5,2.5,30,7,7,19,,2,3.5,0,45,,3,30,3,30,0,0,9,80
2019,"Matt Barkley","BUF","29","QB",2,0,27,51,359,403,7.9,203,7.5,4,156,5.8,0,1,5,,9,,2,2.2,24,2,1,5,,0,,3,34,,0,0,0,0,0,0,10,106
2019,"Ben Roethlisberger","PIT","37","QB",2,2,35,62,351,576,9.3,158,4.5,2.5,193,5.5,0,0,7,,12,,2,2.3,17,14,2,18,,1,7,2,44,,0,0,0,0,0,0,1,8
2019,"Will Grier","CAR","24","QB",2,2,28,52,228,491,9.4,49,1.8,0.9,179,6.4,3,0,2,,11,,6,2.4,9,12,2,20,,5,4.4,1,31,,2,0,2,0,0,0,7,60
2019,"Robert Griffin","BAL","29","QB",7,1,23,38,225,282,7.4,141,6.1,3.7,84,3.7,1,0,0,,6,,5,2.5,24,0,4,9,,1,16,2,27,,15,69,8,42,6,27,10,42
2019,"AJ McCarron","HOU","29","QB",2,1,21,37,225,313,8.5,95,4.5,2.6,130,6.2,5,0,0,,7,,5,2.8,15,8,2,15,,5,7.8,0,25,,2,7,2,7,0,0,7,36
2019,"Sean Mannion","MIN","27","QB",3,1,12,21,126,132,6.3,60,5,2.9,66,5.5,0,0,3,,3,,0,2.5,3,8,3,11,,0,,2,16,,0,0,0,0,0,0,2,11
2019,"Colt McCoy","WAS","33","QB",1,1,18,27,122,177,6.6,88,4.9,3.3,34,1.9,0,0,0,,6,,6,2.4,7,3,3,12,,2,7,1,20,,0,0,0,0,0,0,4,40
2019,"Mike Glennon","LV","30","QB",2,0,6,10,56,112,11.2,38,6.3,3.8,18,3,0,0,0,,3,,0,2.5,4,0,2,2,,0,,0,7,,0,0,0,0,0,0,0,0
2019,"Taysom Hill","NO","29","WR",16,5,3,6,55,94,15.7,43,14.3,7.2,12,4,0,0,0,,1,,1,2.3,1,1,0,2,,2,8.5,0,3,,10,28,0,0,9,28,1,0
2019,"Brett Hundley","ARI","26","QB",3,0,5,11,49,114,10.4,15,3,1.4,34,6.8,0,0,1,,1,,2,2.5,4,0,0,2,,2,13,0,8,,4,34,2,28,1,6,3,28
2019,"Julian Edelman","NE","33","WR",16,13,2,2,47,9,4.5,9,4.5,4.5,38,19,0,0,0,,0,,0,3.7,0,0,1,1,,0,,0,2,,1,15,1,15,0,0,1,15
2019,"Courtland Sutton","DEN","24","WR",16,14,1,1,38,37,37,37,37,37,1,1,0,0,0,,0,,0,4.3,1,0,0,0,,0,,0,1,,0,0,0,0,0,0,0,0
2019,"Jaylen Samuels","PIT","23","RB",14,4,4,5,35,-11,-2.2,-15,-3.8,-3,50,12.5,0,0,0,,1,,0,1.2,3,0,1,1,,0,,0,4,,11,47,1,0,10,47,1,0
2019,"Emmanuel Sanders","2TM","32","WR",17,16,1,1,35,22,22,22,22,22,13,13,0,0,0,,0,,0,,0,0,0,0,,0,,0,1,,0,0,0,0,0,0,1,35
2019,"James White","NE","27","RB",15,1,1,1,35,8,8,8,8,8,27,27,0,0,0,,0,,0,2.8,0,0,0,0,,0,,0,1,,3,1,0,0,3,1,0,0
2019,"Tyrod Taylor","LAC","30","QB",8,0,4,6,33,32,5.3,14,3.5,2.3,19,4.8,0,0,1,,1,,0,2.1,1,0,0,0,,0,,0,5,,3,-1,1,-2,2,1,2,12
2019,"John Brown","BUF","29","WR",15,15,1,1,28,21,21,21,21,21,7,7,0,0,0,,0,,0,3.9,0,0,0,0,,0,,0,1,,0,0,0,0,0,0,1,28
2019,"Johnny Hekker","LA","29","P",16,0,2,3,28,12,4,8,4,2.7,20,10,0,0,0,,0,,0,0,0,0,0,0,,0,,0,0,,0,0,0,0,0,0,0,0
2019,"Alex Erickson","CIN","27","WR",16,6,1,1,26,23,23,23,23,23,3,3,0,0,0,,0,,0,3.8,0,0,0,0,,0,,0,1,,1,26,1,26,0,0,1,26
2019,"Andy Lee","ARI","37","P",15,0,1,1,26,26,26,26,26,26,0,0,0,0,0,,0,,0,0,0,0,0,0,,0,,0,0,,0,0,0,0,0,0,0,0
2019,"Josh McCown","PHI","40","QB",3,0,3,5,24,22,4.4,9,3,1.8,15,5,0,0,1,,0,,0,1.9,0,0,0,0,,0,,1,4,,1,13,1,13,0,0,1,13
2019,"Odell Beckham","CLE","27","WR",16,15,1,2,20,65,32.5,15,15,7.5,5,5,0,0,0,,0,,0,2.3,0,0,0,0,,0,,0,2,,0,0,0,0,0,0,0,0
2019,"Albert Wilson","MIA","27","WR",13,4,1,2,20,20,10,-3,-3,-1.5,23,23,0,0,0,,1,,1,2.3,3,0,0,1,,0,,0,1,,5,52,1,20,3,32,1,20
2019,"Danny Amendola","DET","34","WR",15,10,1,1,19,14,14,14,14,14,5,5,0,0,0,,0,,0,4.1,1,0,0,0,,0,,0,1,,1,19,1,19,0,0,1,19
2019,"Ryan Griffin","TB","30","QB",2,0,2,4,18,12,3,5,2.5,1.3,13,6.5,1,0,0,,1,,0,2.4,2,1,0,1,,0,,0,2,,0,0,0,0,0,0,0,0
2019,"Logan Cooke","JAX","24","P",16,0,2,2,16,8,4,8,4,4,8,4,0,0,0,,0,,1,0,0,0,0,1,,0,,0,0,,0,0,0,0,0,0,0,0
2019,"Dante Pettis","SF","24","WR",11,4,1,1,16,-4,-4,-4,-4,-4,20,20,0,0,0,,0,,0,1.2,0,0,0,0,,0,,0,1,,0,0,0,0,0,0,0,0
2019,"Tim Boyle","GB","25","QB",3,0,3,4,15,10,2.5,1,0.3,0.3,14,4.7,0,0,0,,1,,0,1.7,0,0,1,1,,0,,0,3,,1,7,1,7,0,0,2,12
2019,"Jarrett Stidham","NE","23","QB",3,0,2,4,14,21,5.3,9,4.5,2.3,5,2.5,0,0,0,,2,,1,2.4,2,0,0,1,,0,,0,2,,0,0,0,0,0,0,0,0
2019,"Alvin Kamara","NO","24","RB",14,9,1,1,13,11,11,11,11,11,2,2,0,0,0,,0,,0,1.5,1,0,0,0,,0,,0,1,,6,37,0,0,6,37,0,0
2019,"Michael Palardy","CAR","27","P",16,0,1,1,12,10,10,10,10,10,2,2,0,0,0,,0,,0,0,0,0,0,0,,0,,0,0,,0,0,0,0,0,0,0,0
2019,"Kelvin Harmon","WAS","23","WR",16,8,1,1,11,6,6,6,6,6,5,5,0,0,0,,0,,0,1.1,0,1,0,1,,0,,0,1,,0,0,0,0,0,0,1,11
2019,"Brett Kern","TEN","33","P",16,0,1,2,11,33,16.5,3,3,1.5,8,8,0,0,0,,0,,0,0,0,0,0,0,,0,,0,0,,0,0,0,0,0,0,0,0
2019,"Andrew Beck","DEN","23","TE",16,6,1,1,6,-3,-3,-3,-3,-3,9,9,0,0,0,,0,,0,1.8,1,0,0,0,,0,,0,1,,0,0,0,0,0,0,0,0
2019,"DeAndre Hopkins","HOU","27","WR",15,15,1,2,6,9,4.5,0,0,0,6,6,0,0,0,,0,,0,3.1,1,0,0,0,,0,,0,1,,1,6,1,6,0,0,0,0
2019,"Kenjon Barner","ATL","30","RB",14,0,1,1,3,-4,-4,-4,-4,-4,7,7,0,0,0,,0,,0,1.2,1,0,0,0,,0,,0,1,,0,0,0,0,0,0,0,0
2019,"Blake Bortles","LA","27","QB",3,0,1,2,3,-3,-1.5,-3,-3,-1.5,6,6,1,0,0,,0,,0,2.3,1,0,0,0,,0,,0,1,,1,1,0,0,1,1,1,0
2019,"Trevor Siemian","NYJ","28","QB",1,1,3,6,3,41,6.8,-8,-2.7,-1.3,11,3.7,1,0,0,,2,,2,2.6,4,1,1,4,,0,,0,3,,2,1,2,1,0,0,2,1
2019,"Matt Haack","MIA","25","P",16,0,1,2,1,31,15.5,1,1,0.5,0,0,0,0,0,,0,,0,0,0,0,0,0,,0,,0,0,,0,0,0,0,0,0,0,0
2019,"Alex Tanney","NYG","32","QB",1,0,1,1,1,1,1,1,1,1,0,0,0,0,0,,0,,0,2.9,1,0,0,0,,0,,0,1,,0,0,0,0,0,0,1,1
2019,"Randall Cobb","DAL","29","WR",15,6,0,1,0,0,0,0,,0,0,,1,0,0,,0,,0,4.8,0,1,0,1,,0,,0,0,,0,0,0,0,0,0,0,0
2019,"Dustin Colquitt","KC","37","P",16,0,0,1,0,4,4,0,,0,0,,0,0,0,,0,,0,0,0,0,0,0,,0,,0,0,,0,0,0,0,0,0,0,0
2019,"Stefon Diggs","MIN","26","WR",15,15,0,1,0,12,12,0,,0,0,,0,0,0,,1,,0,4.1,0,0,0,0,,0,,0,0,,0,0,0,0,0,0,0,0
2019,"Jake Elliott","PHI","24","K",16,0,0,1,0,6,6,0,,0,0,,0,0,0,,0,,0,0,0,0,0,0,,0,,0,0,,0,0,0,0,0,0,0,0
2019,"Garrett Gilbert","CLE","28","QB",5,0,0,3,0,47,15.7,0,,0,0,,1,0,1,,0,,0,2.6,1,0,0,0,,0,,0,1,,0,0,0,0,0,0,0,0
2019,"Josh Gordon","2TM","28","WR",11,7,0,1,0,33,33,0,,0,0,,0,0,0,,0,,0,,0,0,1,1,,0,,0,0,,0,0,0,0,0,0,1,0
2019,"Cooper Kupp","LA","26","WR",16,14,0,1,0,19,19,0,,0,0,,0,0,0,,1,,0,4.3,1,0,0,0,,0,,0,0,,0,0,0,0,0,0,0,0
2019,"Christian McCaffrey","CAR","23","RB",16,16,0,2,0,16,8,0,,0,0,,1,0,0,,1,,0,1.8,1,1,0,1,,0,,0,0,,21,68,0,0,21,68,0,0
2019,"Zach Pascal","IND","25","WR",16,13,0,1,0,21,21,0,,0,0,,0,0,0,,1,,0,3.1,0,0,0,0,,0,,0,0,,0,0,0,0,0,0,0,0
2019,"Bilal Powell","NYJ","31","RB",13,1,0,1,0,13,13,0,,0,0,,0,0,0,,1,,0,4,0,0,0,0,,0,,0,0,,4,15,0,0,4,15,0,0
2019,"Steven Sims","WAS","22","WR",16,2,0,1,0,5,5,0,,0,0,,1,0,0,,0,,0,4.3,0,0,0,0,,0,,0,0,,1,4,0,0,1,4,0,0
2019,"Sam Koch","BAL","37","P",16,0,1,1,-2,-5,-5,-5,-5,-5,3,3,0,0,0,,0,,0,0,0,0,0,0,,0,,0,0,,0,0,0,0,0,0,0,0
2020,"Deshaun Watson","HOU","25","QB",16,16,382,544,4823,4840,8.9,2847,7.5,5.2,1976,5.2,19,2,19,,79,,49,2.5,168,75,47,171,,62,6.4,5,420,,73,598,56,519,13,79,81,834
2020,"Patrick Mahomes","KC","25","QB",15,15,390,588,4740,4910,8.4,2473,6.3,4.2,2267,5.8,20,1,28,,100,,22,2.6,141,62,59,143,,40,7.3,8,436,,100,770,94,756,4,14,144,1068
2020,"Tom Brady","TB","43","QB",16,16,401,610,4633,5531,9.1,2833,7.1,4.6,1800,4.5,13,4,31,,122,,21,2.4,161,34,58,113,,4,2,4,438,,15,110,14,110,1,0,110,1119
2020,"Matt Ryan","ATL","35","QB",16,16,407,626,4581,5337,8.5,2939,7.2,4.7,1642,4,18,1,33,,89,,41,2.6,204,55,70,166,,16,6.5,6,458,,18,166,16,166,0,0,152,1432
2020,"Josh Allen","BUF","24","QB",16,16,396,572,4544,4857,8.5,2692,6.8,4.7,1852,4.7,22,0,25,,88,,26,2.6,244,64,47,137,,29,7.9,4,435,,82,617,62,547,18,70,160,1501
2020,"Justin Herbert","LAC","22","QB",15,15,396,595,4336,4378,7.4,2121,5.4,3.6,2215,5.6,7,4,23,,105,,32,2.4,170,85,70,187,,25,5.6,7,447,,32,196,20,115,10,81,127,1140
2020,"Aaron Rodgers","GB","37","QB",16,16,372,526,4299,4135,7.9,2051,5.5,3.9,2248,6,23,3,27,,69,,20,2.5,168,33,28,81,,24,6.2,3,406,,42,335,39,323,3,12,145,1210
2020,"Kirk Cousins","MIN","32","QB",16,16,349,516,4265,4103,8,2329,6.7,4.5,1936,5.5,27,3,18,,67,,39,2.6,181,56,78,173,,17,8.1,11,395,,3,12,2,10,1,2,127,1286
2020,"Russell Wilson","SEA","32","QB",16,16,384,558,4212,4809,8.6,2385,6.2,4.3,1827,4.8,24,1,27,,84,,47,2.6,206,65,67,179,,53,8.7,4,424,,42,284,33,238,8,46,124,1047
2020,"Philip Rivers","IND","39","QB",16,16,369,543,4169,3893,7.2,1948,5.3,3.6,2221,6,14,3,17,,84,,19,2.3,124,37,37,93,,1,3,11,406,,44,370,44,370,0,0,86,719
2020,"Derek Carr","LV","29","QB",16,16,348,517,4103,4184,8.1,2147,6.2,4.2,1956,5.6,20,4,20,,79,,26,2.5,173,56,30,112,,23,5.4,5,389,,27,163,22,130,4,33,91,614
2020,"Matthew Stafford","DET","32","QB",16,16,339,528,4084,4609,8.7,2343,6.9,4.4,1741,5.1,7,7,33,,94,,38,2.4,179,45,39,122,,16,7.3,7,399,,27,273,27,273,0,0,105,959
2020,"Kyler Murray","ARI","23","QB",16,16,375,558,3971,4340,7.8,2213,5.9,4,1758,4.7,25,8,13,,88,,27,2.4,156,55,24,106,,51,8.4,14,405,,171,1395,121,1107,43,288,107,877
2020,"Jared Goff","LA","26","QB",15,15,370,552,3952,3579,6.5,1800,4.9,3.3,2152,5.8,24,2,27,,84,,23,2.5,185,42,54,119,,22,4.5,6,413,,2,11,0,0,2,11,172,1384
2020,"Ryan Tannehill","TEN","32","QB",16,16,315,481,3819,4029,8.4,2295,7.3,4.8,1524,4.8,19,0,20,,63,,24,2.5,161,36,61,121,,20,7.4,8,357,,17,153,9,54,8,99,158,1541
2020,"Ben Roethlisberger","PIT","38","QB",15,15,399,608,3803,4220,6.9,1850,4.6,3,1953,4.9,2,0,39,,91,,13,2.1,175,42,51,106,,3,7,13,463,,26,85,25,85,1,0,48,234
2020,"Teddy Bridgewater","CAR","28","QB",15,15,340,492,3733,3511,7.1,1853,5.5,3.8,1880,5.5,19,2,20,,61,,31,2.3,154,42,38,111,,37,7.4,5,379,,22,114,20,107,2,7,91,637
2020,"Baker Mayfield","CLE","25","QB",16,16,305,486,3563,4124,8.5,2203,7.2,4.5,1360,4.5,28,5,21,,85,,26,2.7,179,49,26,101,,25,6.1,8,339,,7,63,5,60,2,3,121,1141
2020,"Daniel Jones","NYG","23","QB",14,14,280,448,2943,3395,7.6,1827,6.5,4.1,1116,4,14,2,23,,76,,45,2.5,200,56,55,156,,22,7.9,8,325,,46,367,28,208,17,159,101,717
2020,"Drew Brees","NO","41","QB",12,12,275,390,2942,2361,6.1,1464,5.3,3.8,1478,5.4,7,2,21,,51,,13,2.4,92,13,33,59,,2,1.5,3,308,,5,34,5,34,0,0,55,430
2020,"Drew Lock","DEN","24","QB",13,13,254,443,2933,3883,8.8,1530,6,3.5,1403,5.5,13,2,25,,98,,19,2.6,148,53,46,118,,22,6,5,295,,25,147,21,117,4,30,92,774
2020,"Lamar Jackson","BAL","23","QB",15,15,242,376,2757,3241,8.6,1588,6.6,4.2,1169,4.8,9,3,20,,64,,29,2.5,104,49,24,102,,49,7.2,6,274,,157,1301,75,742,76,559,87,767
2020,"Joe Burrow","CIN","24","QB",10,10,264,404,2688,3438,8.5,1550,5.9,3.8,1138,4.3,8,3,19,,58,,32,2.3,138,30,47,109,,16,5.2,4,296,,38,185,34,170,2,15,78,503
2020,"Cam Newton","NE","31","QB",15,15,242,368,2657,2496,6.8,1393,5.8,3.8,1264,5.2,11,2,15,,70,,31,2.6,178,48,30,109,,20,9.3,9,265,,36,145,13,61,23,84,99,863
2020,"Carson Wentz","PHI","28","QB",12,12,251,437,2620,3836,8.8,1605,6.4,3.7,1015,4,21,1,23,,90,,50,2.6,167,35,64,149,,22,8.4,6,292,,64,253,51,210,8,43,103,583
2020,"Nick Mullens","SF","25","QB",10,8,211,326,2437,2053,6.3,1198,5.7,3.7,1239,5.9,6,0,17,,48,,19,2.4,116,33,56,108,,2,5,7,241,,13,74,12,74,0,0,86,863
2020,"Gardner Minshew","JAX","24","QB",9,8,216,327,2259,2558,7.8,1243,5.8,3.8,1016,4.7,15,1,10,,58,,27,2.4,90,38,20,85,,24,6.6,4,238,,18,131,14,127,3,4,47,363
2020,"Sam Darnold","NYJ","23","QB",12,12,217,364,2208,2794,7.7,1053,4.9,2.9,1155,5.3,21,3,14,,62,,35,2.4,143,43,38,116,,26,8,7,244,,8,48,5,37,3,11,63,542
2020,"Andy Dalton","DAL","33","QB",11,9,216,333,2170,2278,6.8,1127,5.2,3.4,1043,4.8,14,0,21,,48,,24,2.3,119,15,25,64,,15,5.7,5,250,,21,177,17,154,3,23,61,414
2020,"Ryan Fitzpatrick","MIA","38","QB",9,7,183,267,2091,2072,7.8,1236,6.8,4.6,855,4.7,2,1,10,,37,,14,2.2,99,22,31,67,,15,8,5,211,,16,109,14,109,1,0,41,341
2020,"Mitchell Trubisky","CHI","26","QB",10,9,199,297,2055,2329,7.8,1052,5.3,3.5,1003,5,4,0,9,,53,,18,2.3,80,25,21,64,,17,9.8,1,222,,31,213,25,200,6,13,96,798
2020,"Dak Prescott","DAL","27","QB",5,5,151,222,1856,1762,7.9,1046,6.9,4.7,810,5.4,3,1,13,,33,,10,2.5,66,23,19,52,,8,8,1,168,,34,263,32,261,1,2,58,582
2020,"Nick Foles","CHI","31","QB",9,7,202,312,1852,2502,8,1151,5.7,3.7,701,3.5,11,1,9,,48,,18,2.2,99,15,41,74,,3,3.7,5,229,,32,238,30,238,0,0,59,468
2020,"Tua Tagovailoa","MIA","22","QB",10,9,186,290,1814,2175,7.5,1048,5.6,3.6,766,4.1,5,3,12,,53,,20,2.3,115,14,14,48,,16,5.8,2,209,,32,208,28,195,4,13,78,466
2020,"Alex Smith","WAS","36","QB",8,6,168,252,1582,1286,5.1,629,3.7,2.5,953,5.7,12,0,8,,42,,22,2.3,63,37,27,86,,3,3,4,183,,22,122,22,122,0,0,48,365
2020,"Dwayne Haskins","WAS","23","QB",7,6,148,241,1439,1622,6.7,572,3.9,2.4,867,5.9,4,0,12,,53,,20,2.3,66,17,24,61,,7,8.3,5,165,,40,231,35,224,3,7,36,160
2020,"Jimmy Garoppolo","SF","29","QB",6,6,94,140,1096,879,6.3,382,4.1,2.7,714,7.6,0,0,9,,24,,11,2.3,50,8,14,33,,4,5.3,1,109,,10,57,8,57,0,0,40,385
2020,"Mike Glennon","JAX","31","QB",5,5,111,179,1072,1424,8,667,6,3.7,405,3.6,5,3,7,,25,,9,2.3,32,10,12,31,,4,3.3,3,123,,3,6,2,6,0,0,26,267
2020,"Jalen Hurts","PHI","22","QB",15,4,77,148,1061,1350,9.1,593,7.7,4,468,6.1,12,1,4,,36,,13,2.3,55,16,12,41,,24,6.9,5,82,,40,338,15,198,22,140,19,236
2020,"Taysom Hill","NO","30","QB",16,8,88,121,928,843,7,556,6.3,4.6,372,4.2,3,0,6,,16,,14,2.7,41,10,13,37,,17,9.4,1,94,,11,75,4,44,7,31,26,253
2020,"Brandon Allen","CIN","28","QB",5,5,90,142,925,940,6.6,368,4.1,2.6,557,6.2,3,0,8,,23,,7,2.3,37,4,16,27,,5,2.8,1,109,,20,183,18,180,1,3,35,236
2020,"Joe Flacco","NYJ","35","QB",5,4,74,134,864,1422,10.6,519,7,3.9,345,4.7,10,0,5,,29,,7,2.3,56,16,20,43,,5,4.4,1,88,,4,9,4,9,0,0,28,213
2020,"CJ Beathard","SF","27","QB",6,2,66,104,787,838,8.1,443,6.7,4.3,344,5.2,5,1,8,,17,,9,2.6,27,4,13,26,,1,7,1,76,,6,34,4,15,2,19,16,96
2020,"Jake Luton","JAX","24","QB",3,3,60,110,624,865,7.9,338,5.6,3.1,286,4.8,6,0,5,,30,,7,2.3,44,10,8,25,,1,13,3,68,,4,25,4,25,0,0,18,108
2020,"Kyle Allen","WAS","24","QB",4,4,60,87,610,523,6,286,4.8,3.3,324,5.4,8,0,2,,8,,7,2.5,31,9,9,25,,4,7,1,64,,11,77,8,75,1,2,29,234
2020,"Jeff Driskel","DEN","27","QB",3,1,35,64,432,638,10,301,8.6,4.7,131,3.7,1,0,5,,15,,11,2.5,47,8,14,33,,3,5,2,43,,3,38,3,38,0,0,6,55
2020,"Colt McCoy","NYG","34","QB",4,2,40,66,375,590,8.9,248,6.2,3.8,127,3.2,0,0,5,,14,,5,2.4,21,6,8,19,,4,3.3,0,50,,3,3,3,3,0,0,14,85
2020,"PJ Walker","CAR","25","QB",4,1,32,56,368,583,10.4,227,7.1,4.1,141,4.4,0,0,6,,13,,4,2.3,23,4,4,12,,0,,2,37,,3,20,2,20,0,0,8,21
2020,"Mason Rudolph","PIT","25","QB",5,1,25,43,324,432,10,222,8.9,5.2,102,4.1,1,0,4,,9,,1,2.2,12,12,3,16,,1,1,0,32,,1,7,1,7,0,0,2,0
2020,"Brett Rypien","DEN","24","QB",3,1,27,40,295,346,8.7,213,7.9,5.3,82,3,4,0,1,,2,,1,2.4,17,4,6,11,,0,,1,28,,1,0,1,0,0,0,5,54
2020,"Chase Daniel","DET","34","QB",4,0,29,43,264,275,6.4,145,5,3.4,119,4.1,1,1,3,,5,,3,2.3,14,3,4,10,,2,8,1,33,,1,21,1,21,0,0,5,78
2020,"Jarrett Stidham","NE","24","QB",5,0,22,44,256,268,6.1,76,3.5,1.7,180,8.2,6,0,3,,9,,4,2.7,18,5,8,17,,2,3.5,1,26,,3,24,2,23,1,1,10,56
2020,"Chad Henne","KC","35","QB",3,1,28,38,248,158,4.2,48,1.7,1.3,200,7.1,1,0,1,,6,,2,1.9,8,2,4,8,,0,,0,31,,3,-1,1,-2,1,1,9,30
2020,"Garrett Gilbert","DAL","29","QB",1,1,21,38,243,348,9.2,191,9.1,5,52,2.5,0,1,0,,11,,2,2.3,17,10,6,18,,2,13,3,21,,1,0,1,0,0,0,2,16
2020,"John Wolford","LA","25","QB",1,1,22,38,231,358,9.4,138,6.3,3.6,93,4.2,1,0,1,,10,,2,2.1,18,3,4,9,,2,12,1,25,,8,67,5,35,3,32,7,35
2020,"Marcus Mariota","LV","27","QB",1,0,17,28,226,273,9.8,150,8.8,5.4,76,4.5,1,1,1,,6,,0,2.4,4,3,2,5,,4,4.5,0,19,,3,56,0,0,3,56,5,34
2020,"Ben DiNucci","DAL","24","QB",3,1,23,43,219,349,8.1,85,3.7,2,134,5.8,1,1,2,,13,,7,2.5,14,8,3,18,,1,9,0,26,,4,2,2,0,2,2,6,14
2020,"Tyrod Taylor","LAC","31","QB",2,1,16,30,208,335,11.2,128,8,4.3,80,5,2,0,1,,6,,2,2.5,9,5,2,9,,2,3.5,0,20,,5,24,3,23,2,1,7,46
2020,"Matt Barkley","BUF","30","QB",5,0,11,21,197,251,12,142,12.9,6.8,55,5,0,0,2,,5,,1,2.6,10,1,1,3,,0,,1,13,,2,10,2,10,0,0,7,66
2020,"Ryan Finley","CIN","26","QB",5,1,17,32,164,335,10.5,93,5.5,2.9,71,4.2,0,0,1,,7,,9,2.3,18,3,8,20,,2,11.5,0,24,,5,36,0,0,5,36,1,0
2020,"Blaine Gabbert","TB","31","QB",4,0,9,16,143,108,6.8,63,7,3.9,80,8.9,0,0,1,,5,,1,1.6,8,1,0,2,,2,9,0,11,,0,0,0,0,0,0,2,30
2020,"Taylor Heinicke","WAS","27","QB",1,0,12,19,137,255,13.4,88,7.3,4.6,49,4.1,0,0,1,,4,,1,3,3,1,1,3,,3,7.3,0,13,,0,0,0,0,0,0,0,0
2020,"Brian Hoyer","NE","35","QB",1,1,15,24,130,196,8.2,74,4.9,3.1,56,3.7,1,0,1,,4,,2,2.2,11,0,1,3,,1,8,0,19,,3,59,3,59,0,0,9,83
2020,"Chris Streveler","ARI","25","QB",5,0,11,16,105,106,6.6,7,0.6,0.4,98,8.9,0,0,0,,2,,2,1.8,4,0,1,3,,0,,0,14,,3,24,3,24,0,0,5,37
2020,"Trace McSorley","BAL","25","QB",2,0,3,10,90,89,8.9,37,12.3,3.7,53,17.7,1,0,1,,3,,0,2.3,2,2,0,2,,1,9,1,4,,5,2,2,0,3,2,2,0
2020,"Jameis Winston","NO","26","QB",4,0,7,11,75,51,4.6,14,2,1.3,61,8.7,0,0,0,,3,,2,2.2,5,1,1,4,,1,3,0,7,,0,0,0,0,0,0,3,31
2020,"Jarvis Landry","CLE","28","WR",15,14,4,4,74,58,14.5,58,14.5,14.5,16,4,0,0,0,,0,,0,3.3,2,0,3,3,,0,,0,4,,0,0,0,0,0,0,1,6
2020,"David Blough","DET","25","QB",1,0,6,10,49,82,8.2,22,3.7,2.2,27,4.5,0,0,0,,2,,1,2.9,1,0,6,7,,1,18,1,6,,0,0,0,0,0,0,1,20
2020,"Case Keenum","CLE","32","QB",2,0,5,10,46,27,2.7,18,3.6,1.8,28,5.6,0,0,0,,3,,0,2.2,2,0,2,2,,0,,0,5,,0,0,0,0,0,0,1,13
2020,"Jamison Crowder","NYJ","27","WR",12,7,1,1,43,27,27,27,27,27,16,16,0,0,0,,0,,0,1.8,1,0,0,0,,0,,0,1,,0,0,0,0,0,0,1,43
2020,"Jakobi Meyers","NE","24","WR",14,9,2,2,43,37,18.5,37,18.5,18.5,6,3,0,0,0,,0,,0,2.4,1,0,1,1,,0,,0,2,,0,0,0,0,0,0,0,0
2020,"Robert Griffin","BAL","30","QB",4,1,8,14,42,123,8.8,8,1,0.6,34,4.3,0,0,0,,4,,3,2.1,7,0,3,6,,0,,0,8,,4,48,0,0,4,48,4,8
2020,"Russell Gage","ATL","24","WR",16,8,1,2,39,75,37.5,37,37,18.5,2,2,0,0,1,,0,,0,2.6,2,0,1,1,,0,,0,2,,0,0,0,0,0,0,0,0
2020,"Julian Edelman","NE","34","WR",6,1,2,2,38,-2,-1,-2,-1,-1,40,20,0,0,0,,0,,0,1.5,1,0,0,0,,0,,0,2,,0,0,0,0,0,0,1,22
2020,"Geno Smith","SEA","30","QB",1,0,4,5,33,25,5,19,4.8,3.8,14,3.5,0,0,0,,1,,1,2.1,4,0,1,2,,0,,0,4,,3,12,1,14,2,-2,1,14
2020,"Lynn Bowden","MIA","23","WR",10,4,1,2,32,17,8.5,-2,-2,-1,34,34,0,0,0,,1,,0,5.1,2,0,1,1,,2,5.5,0,1,,1,8,0,0,1,8,1,32
2020,"Nate Sudfeld","PHI","27","QB",1,0,5,12,32,118,9.8,14,2.8,1.2,18,3.6,2,0,1,,3,,2,2.3,7,2,3,7,,1,12,0,6,,1,0,1,0,0,0,2,0
2020,"Zay Jones","LV","25","WR",16,2,1,1,29,26,26,26,26,26,3,3,0,0,0,,0,,0,3.1,0,0,0,0,,0,,0,1,,0,0,0,0,0,0,0,0
2020,"Joseph Charlton","CAR","23","P",16,0,1,1,28,18,18,18,18,18,10,10,0,0,0,,0,,1,0,0,0,0,1,,0,,0,0,,0,0,0,0,0,0,0,0
2020,"Logan Thomas","WAS","29","TE",16,15,1,1,28,28,28,28,28,28,0,0,0,0,0,,0,,0,4.5,0,0,0,0,,0,,0,1,,0,0,0,0,0,0,1,28
2020,"Andy Lee","ARI","38","P",16,0,1,1,26,14,14,14,14,14,12,12,0,0,0,,0,,0,0,0,0,0,0,,0,,0,0,,0,0,0,0,0,0,0,0
2020,"Nathan Peterman","LV","26","QB",1,0,3,5,25,9,1.8,4,1.3,0.8,21,7,0,0,0,,1,,2,2.6,1,0,0,2,,1,9,0,3,,0,0,0,0,0,0,1,4
2020,"Cedrick Wilson","DAL","25","WR",16,0,2,2,23,2,1,2,1,1,21,10.5,0,0,0,,0,,0,3.7,1,0,0,0,,0,,0,2,,1,12,1,12,0,0,0,0
2020,"Cole Beasley","BUF","31","WR",15,10,1,1,20,20,20,20,20,20,0,0,0,0,0,,0,,0,3,0,0,0,0,,0,,0,1,,1,20,1,20,0,0,0,0
2020,"AJ McCarron","HOU","30","QB",2,0,1,1,20,18,18,18,18,18,2,2,0,0,0,,0,,1,0,1,0,0,1,,0,,0,0,,0,0,0,0,0,0,0,0
2020,"Odell Beckham","CLE","28","WR",7,7,1,1,18,17,17,17,17,17,1,1,0,0,0,,0,,0,1.7,1,0,0,0,,0,,0,1,,0,0,0,0,0,0,0,0
2020,"Tyler Bray","CHI","29","QB",1,0,1,5,18,43,8.6,5,5,1,13,13,0,1,0,,3,,0,2.1,0,0,1,1,,0,,0,1,,0,0,0,0,0,0,0,0
2020,"Golden Tate","NYG","32","WR",12,4,1,2,18,-9,-4.5,-5,-5,-2.5,23,23,1,0,0,,0,,0,4.8,1,0,1,1,,0,,0,1,,0,0,0,0,0,0,0,0
2020,"Jacoby Brissett","IND","28","QB",11,0,2,8,17,65,8.1,-1,-0.5,-0.1,18,9,1,0,1,,3,,2,2.8,3,3,0,5,,1,2,0,4,,4,8,0,0,3,8,2,4
2020,"Tyler Boyd","CIN","26","WR",15,8,1,2,16,2,1,-6,-6,-3,22,22,0,0,0,,1,,0,2.7,1,0,0,0,,0,,0,1,,1,0,1,0,0,0,1,0
2020,"Tyler Huntley","BAL","22","QB",2,0,3,5,15,62,12.4,5,1.7,1,10,3.3,0,0,0,,2,,0,2.1,2,0,1,1,,0,,0,3,,6,23,1,-1,5,24,1,-1
2020,"Sam Koch","BAL","38","P",15,0,1,1,15,9,9,9,9,9,6,6,0,0,0,,0,,0,0,0,0,0,0,,0,,0,0,,0,0,0,0,0,0,0,0
2020,"Greg Ward","PHI","25","WR",16,10,1,1,15,15,15,15,15,15,0,0,0,0,0,,0,,0,5.2,1,0,1,1,,1,2,0,1,,0,0,0,0,0,0,0,0
2020,"Kendall Hinton","DEN","23","WR",1,0,1,9,13,134,14.9,-3,-3,-0.3,16,16,1,0,0,,4,,1,2.9,5,1,4,6,,1,5,0,1,,4,5,3,0,1,5,4,0
2020,"Jaquan Johnson","BUF","25","DB",14,0,1,1,13,10,10,10,10,10,3,3,0,0,0,,0,,0,0,0,0,0,0,,0,,0,0,,0,0,0,0,0,0,0,0
2020,"Tommy Townsend","KC","24","P",16,0,1,1,13,6,6,6,6,6,7,7,0,0,0,,0,,0,0,0,0,0,0,,0,,0,0,,0,0,0,0,0,0,0,0
2020,"Isaiah McKenzie","BUF","25","WR",16,7,1,1,12,-5,-5,-5,-5,-5,17,17,0,0,0,,0,,0,2.9,0,0,0,0,,0,,0,1,,0,0,0,0,0,0,0,0
2020,"Logan Woodside","TEN","25","QB",6,0,1,3,7,17,5.7,7,7,2.3,0,0,0,0,0,,1,,0,1.4,0,1,0,1,,0,,0,0,,0,0,0,0,0,0,0,0
2020,"Travis Kelce","KC","31","TE",15,15,1,2,4,-2,-1,-3,-3,-1.5,7,7,0,0,0,,0,,0,3.2,0,0,0,0,,0,,0,2,,1,0,1,0,0,0,0,0
2020,"Easton Stick","LAC","25","QB",1,0,1,1,4,0,0,0,0,0,4,4,0,0,0,,0,,0,2.3,1,0,0,0,,0,,0,1,,0,0,0,0,0,0,1,4
2020,"Joshua Dobbs","PIT","25","QB",1,0,4,5,2,0,0,-11,-2.8,-2.2,13,3.3,1,0,0,,0,,0,1.5,0,0,1,1,,0,,0,4,,0,0,0,0,0,0,0,0
2020,"Jamal Agnew","DET","25","WR",14,2,0,1,0,15,15,0,,0,0,,0,0,0,,0,,0,4.5,0,0,0,0,,0,,0,1,,0,0,0,0,0,0,0,0
2020,"Keenan Allen","LAC","28","WR",14,13,0,1,0,15,15,0,,0,0,,0,0,0,,1,,0,3.2,0,0,0,0,,0,,0,0,,0,0,0,0,0,0,0,0
2020,"Randall Cobb","HOU","30","WR",10,2,0,1,0,7,7,0,,0,0,,0,0,0,,1,,0,3.1,1,0,0,0,,0,,0,0,,1,0,1,0,0,0,1,0
2020,"Riley Dixon","NYG","27","P",16,0,0,1,0,8,8,0,,0,0,,0,0,0,,0,,0,0,0,0,0,0,,0,,0,0,,0,0,0,0,0,0,0,0
2020,"Alex Erickson","CIN","28","WR",16,2,0,1,0,21,21,0,,0,0,,0,0,0,,1,,0,4.6,1,0,1,1,,0,,0,0,,0,0,0,0,0,0,0,0
2020,"Chris Jones","DAL","31","P",8,0,0,1,0,9,9,0,,0,0,,0,0,0,,0,,0,0,0,0,0,0,,0,,0,0,,0,0,0,0,0,0,0,0
2020,"Brett Kern","TEN","34","P",13,0,0,1,0,18,18,0,,0,0,,0,0,0,,0,,0,0,0,0,0,0,,0,,0,0,,0,0,0,0,0,0,0,0
2020,"DJ Moore","CAR","23","WR",15,14,0,1,0,6,6,0,,0,0,,0,0,0,,1,,0,4.1,1,0,0,0,,0,,0,0,,1,0,1,0,0,0,1,0
2020,"Zach Pascal","IND","26","WR",16,14,0,1,0,13,13,0,,0,0,,0,0,0,,1,,0,3.1,0,0,0,0,,0,,0,0,,0,0,0,0,0,0,0,0
2020,"Sammy Watkins","KC","27","WR",10,9,0,1,0,24,24,0,,0,0,,0,0,0,,0,,0,4.6,1,0,0,0,,0,,0,0,,0,0,0,0,0,0,0,0
2020,"Isaiah Wright","WAS","23","WR",14,6,0,1,0,-3,-3,0,,0,0,,1,0,0,,0,,0,6.4,0,0,1,1,,0,,0,0,,1,6,0,0,1,6,0,0
2021,"Tom Brady","TB","44","QB",17,17,485,719,5316,5791,8.1,2762,5.7,3.8,2554,5.3,13,2,32,,127,,22,2.3,176,30,31,83,,10,7.6,8,531,,8,72,8,72,0,0,113,912
2021,"Justin Herbert","LAC","23","QB",17,17,443,672,5014,5076,7.6,2627,5.9,3.9,2387,5.4,14,1,38,,96,,31,2.4,155,51,61,143,,36,7.8,17,527,,54,516,46,484,6,32,166,1515
2021,"Matthew Stafford","LA","33","QB",17,17,404,601,4886,5092,8.5,2760,6.8,4.6,2126,5.3,3,0,31,,111,,30,2.5,137,32,42,104,,8,6.1,9,458,,25,233,25,233,0,0,122,1247
2021,"Patrick Mahomes","KC","26","QB",17,17,436,658,4839,4829,7.3,2140,4.9,3.3,2699,6.2,32,0,31,,118,,28,2.4,112,76,58,162,,46,8.7,7,485,,97,652,91,638,5,14,148,1099
2021,"Derek Carr","LV","30","QB",17,17,428,626,4804,5087,8.1,2525,5.9,4,2279,5.3,21,3,26,,94,,40,2.5,167,58,48,146,,17,6.3,10,466,,31,228,29,228,1,0,93,909
2021,"Joe Burrow","CIN","25","QB",16,16,366,520,4611,4192,8.1,2332,6.4,4.5,2279,6.2,12,2,23,,54,,51,2.4,125,46,48,145,,21,5.4,8,419,,23,168,20,167,1,1,75,807
2021,"Dak Prescott","DAL","28","QB",16,16,410,596,4449,4592,7.7,2425,5.9,4.1,2024,4.9,11,0,28,,86,,30,2.4,187,46,48,124,,20,6.4,10,452,,43,210,38,198,4,12,118,953
2021,"Josh Allen","BUF","25","QB",17,17,409,646,4407,5304,8.2,2664,6.5,4.1,1743,4.3,32,0,35,,107,,26,2.4,182,95,64,185,,48,9.6,16,459,,124,916,93,762,31,154,178,1643
2021,"Kirk Cousins","MIN","33","QB",16,16,372,561,4221,4576,8.2,2415,6.5,4.3,1806,4.9,13,5,22,,93,,28,2.4,168,68,65,161,,16,7.8,4,418,,8,23,7,21,1,2,113,1107
2021,"Aaron Rodgers","GB","38","QB",16,16,366,531,4115,4099,7.7,1947,5.3,3.7,2168,5.9,18,3,13,,93,,30,2.3,135,59,40,129,,17,6.5,8,394,,30,200,30,200,0,0,107,798
2021,"Matt Ryan","ATL","36","QB",17,17,375,560,3968,3986,7.1,2244,6,4,1724,4.6,15,1,21,,79,,40,2.4,166,48,84,172,,16,4.9,9,425,,28,219,22,214,1,5,131,1099
2021,"Jimmy Garoppolo","SF","30","QB",15,15,301,441,3810,3304,7.5,1844,6.1,4.2,1966,6.5,11,3,23,,55,,29,2.4,100,24,36,89,,6,3.7,5,348,,38,339,37,334,1,5,100,1017
2021,"Mac Jones","NE","23","QB",17,17,352,521,3801,4161,8,2027,5.8,3.9,1774,5,12,1,16,,90,,28,2.4,181,29,47,104,,15,7.1,9,386,,33,324,32,324,0,0,104,888
2021,"Kyler Murray","ARI","24","QB",14,14,333,481,3787,3847,8,1986,6,4.1,1801,5.4,19,0,16,,65,,31,2.3,108,68,13,112,,30,7.6,10,367,,111,780,79,702,28,78,109,937
2021,"Ben Roethlisberger","PIT","39","QB",16,16,390,605,3740,4052,6.7,1808,4.6,3,1932,5,6,2,30,,110,,38,2.2,145,44,38,120,,3,6,13,451,,23,52,21,51,1,1,90,587
2021,"Ryan Tannehill","TEN","33","QB",17,17,357,531,3734,3959,7.5,1958,5.5,3.7,1776,5,9,1,23,,83,,47,2.3,166,31,64,142,,19,10.5,10,411,,34,311,22,224,12,87,132,1114
2021,"Trevor Lawrence","JAX","22","QB",17,17,359,602,3641,4745,7.9,2004,5.6,3.3,1637,4.6,18,3,33,,119,,32,2.4,147,67,52,151,,33,7.3,8,414,,74,527,52,450,18,77,124,1013
2021,"Carson Wentz","IND","29","QB",17,17,322,516,3563,3941,7.6,1913,5.9,3.7,1650,5.1,17,0,25,,94,,32,2.5,156,41,75,148,,26,7.1,8,368,,84,597,76,553,7,44,144,1234
2021,"Taylor Heinicke","WAS","28","QB",16,15,321,494,3419,3762,7.6,1655,5.2,3.4,1764,5.5,8,3,18,,80,,38,2.6,145,55,47,140,,38,7.1,9,365,,65,527,56,486,5,41,122,1087
2021,"Jared Goff","DET","27","QB",14,14,332,494,3245,3150,6.4,1490,4.5,3,1755,5.3,21,5,21,,77,,35,2.4,110,50,48,133,,11,6.1,5,375,,24,191,22,174,1,17,79,647
2021,"Jalen Hurts","PHI","23","QB",15,15,265,432,3144,3867,9,1681,6.3,3.9,1463,5.5,22,2,22,,57,,26,2.6,124,76,32,134,,50,8.3,11,319,,154,1178,95,819,52,359,111,994
2021,"Russell Wilson","SEA","33","QB",14,14,259,400,3113,3956,9.9,1730,6.7,4.3,1383,5.3,13,0,16,,72,,33,2.4,113,48,42,123,,23,7.3,3,296,,45,225,36,204,7,21,102,1036
2021,"Teddy Bridgewater","DEN","29","QB",14,14,285,426,3052,3417,8,1658,5.8,3.9,1394,4.9,20,0,13,,68,,31,2.5,118,64,42,137,,15,6.6,9,316,,23,171,20,171,0,0,76,508
2021,"Baker Mayfield","CLE","26","QB",14,14,253,418,3010,3610,8.6,1632,6.5,3.9,1378,5.4,14,2,20,,84,,43,2.4,124,52,18,113,,25,5.2,11,296,,11,78,9,76,2,2,89,849
2021,"Lamar Jackson","BAL","24","QB",12,12,246,382,2882,3543,9.3,1734,7,4.5,1148,4.7,7,4,18,,73,,38,2.4,151,39,29,106,,49,8,9,272,,119,834,63,574,54,260,93,831
2021,"Davis Mills","HOU","23","QB",13,11,263,394,2664,2852,7.2,1419,5.4,3.6,1245,4.7,13,2,12,,66,,31,2.3,121,30,30,91,,10,4.2,11,287,,18,92,13,90,1,2,65,394
2021,"Tua Tagovailoa","MIA","23","QB",13,12,263,388,2653,2734,7,1436,5.5,3.7,1217,4.6,6,1,17,,62,,20,2.2,100,45,24,89,,18,6.9,1,305,,94,858,90,847,4,11,116,990
2021,"Sam Darnold","CAR","24","QB",12,11,243,406,2527,2947,7.3,1151,4.7,2.8,1376,5.7,22,0,27,,71,,35,2.5,128,60,40,135,,23,8.1,6,286,,26,83,22,68,3,15,87,595
2021,"Daniel Jones","NYG","24","QB",11,11,232,361,2428,2616,7.2,1334,5.8,3.7,1094,4.7,12,1,19,,64,,22,2.4,120,37,36,95,,24,6.4,5,265,,38,160,25,111,10,49,93,652
2021,"Zach Wilson","NYJ","22","QB",13,13,213,383,2334,2900,7.6,1245,5.8,3.3,1089,5.1,16,1,25,,87,,44,2.5,127,66,26,136,,17,10.5,5,256,,18,76,14,72,1,4,81,468
2021,"Justin Fields","CHI","22","QB",12,10,159,270,1870,2641,9.8,1178,7.4,4.4,692,4.4,8,2,18,,57,,36,2.5,96,29,31,96,,46,8,3,189,,22,137,8,75,11,62,48,413
2021,"Andy Dalton","CHI","34","QB",8,6,149,236,1515,1620,6.9,763,5.1,3.2,752,5,8,1,9,,39,,18,2.3,92,23,13,54,,12,6.8,7,162,,14,141,12,138,1,3,30,174
2021,"Jacoby Brissett","MIA","29","QB",11,5,141,225,1283,1691,7.5,775,5.5,3.4,508,3.6,6,1,17,,36,,19,2.4,62,26,24,69,,13,5,1,158,,23,156,21,152,1,4,33,243
2021,"Jameis Winston","NO","27","QB",7,7,95,161,1170,1340,8.3,589,6.2,3.7,581,6.1,9,0,10,,33,,11,2.6,68,18,18,47,,17,9.5,5,107,,2,11,1,0,1,11,37,355
2021,"Trevor Siemian","NO","30","QB",6,4,108,188,1154,1298,6.9,652,6,3.5,502,4.6,11,0,7,,26,,9,2.5,47,20,16,45,,3,7.3,6,131,,3,20,3,20,0,0,34,204
2021,"Tyler Huntley","BAL","23","QB",7,4,122,188,1081,1409,7.5,635,5.2,3.4,446,3.7,3,3,4,,34,,18,2.3,62,22,10,50,,25,8.1,6,136,,33,147,19,102,9,45,12,109
2021,"Taysom Hill","NO","31","QB",12,9,78,134,978,982,7.3,457,5.9,3.4,521,6.7,4,2,11,,26,,9,2.5,40,18,9,36,,16,7.4,3,94,,11,74,6,46,4,28,32,349
2021,"Tyrod Taylor","HOU","32","QB",6,6,91,150,966,1105,7.4,473,5.2,3.2,493,5.4,4,1,5,,32,,13,2.3,60,19,16,48,,15,9.9,2,100,,24,143,18,115,4,28,29,239
2021,"Mike White","NYJ","26","QB",4,3,88,132,953,777,5.9,387,4.4,2.9,566,6.4,1,0,5,,19,,4,2.4,29,8,14,26,,0,,6,93,,4,13,4,13,0,0,18,105
2021,"Mike Glennon","NYG","32","QB",6,4,90,167,790,1211,7.3,383,4.3,2.3,407,4.5,11,3,11,,21,,9,2.5,41,12,19,40,,4,7.8,1,110,,5,15,5,15,0,0,24,134
2021,"Drew Lock","DEN","25","QB",6,3,67,111,787,1117,10.1,447,6.7,4,340,5.1,1,1,7,,24,,9,2.5,29,14,8,31,,7,6.9,2,79,,10,49,8,47,1,2,21,140
2021,"Colt McCoy","ARI","35","QB",8,3,74,99,740,522,5.3,288,3.9,2.9,452,6.1,1,0,5,,11,,6,2.1,29,10,10,26,,4,5.3,2,82,,29,265,25,250,3,15,31,295
2021,"Geno Smith","SEA","31","QB",4,3,65,95,702,669,7,342,5.3,3.6,360,5.5,6,1,0,,13,,13,2.5,38,12,6,31,,4,9.3,3,65,,3,25,3,25,0,0,19,214
2021,"Cam Newton","CAR","32","QB",8,5,69,126,684,880,7,375,5.4,3,309,4.5,2,0,6,,28,,10,2.2,59,15,10,35,,7,8.3,6,81,,32,202,19,119,12,83,19,113
2021,"Josh Johnson","2TM","35","QB",4,1,57,85,638,616,7.2,355,6.2,4.2,283,5,3,0,3,,16,,3,,8,6,8,17,,5,6,1,61,,8,41,6,42,2,-1,10,61
2021,"Trey Lance","SF","21","QB",6,2,41,71,603,658,9.3,315,7.7,4.4,288,7,2,0,3,,13,,4,2.5,21,8,7,19,,11,8.5,5,51,,18,172,10,145,8,27,20,171
2021,"Tim Boyle","DET","27","QB",5,3,61,94,526,589,6.3,261,4.3,2.8,265,4.3,0,0,3,,20,,0,2.3,15,5,10,15,,1,14,1,64,,4,26,4,26,0,0,24,186
2021,"Case Keenum","CLE","33","QB",7,2,47,72,462,417,5.8,156,3.3,2.2,306,6.5,2,0,3,,13,,5,2.3,18,6,8,19,,4,4.8,0,53,,1,6,1,6,0,0,19,197
2021,"Gardner Minshew","PHI","25","QB",4,2,41,60,439,333,5.6,164,4,2.7,275,6.7,4,0,5,,7,,5,2.5,19,7,5,17,,4,4.8,1,45,,6,37,5,37,0,0,15,160
2021,"Cooper Rush","DAL","28","QB",5,1,30,47,422,418,8.9,209,7,4.4,213,7.1,0,0,2,,9,,3,2.3,15,0,3,6,,1,2,1,32,,2,20,2,20,0,0,7,80
2021,"Jordan Love","GB","23","QB",6,1,36,62,411,488,7.9,178,4.9,2.9,233,6.5,2,0,2,,15,,3,2.4,29,9,7,19,,5,6.6,0,40,,2,0,2,0,0,0,10,104
2021,"PJ Walker","CAR","26","QB",5,1,36,66,362,594,9,225,6.3,3.4,137,3.8,0,1,2,,20,,7,2.5,15,7,9,23,,2,9,1,41,,2,3,2,3,0,0,6,35
2021,"Joe Flacco","NYJ","36","QB",2,1,27,42,338,330,7.9,163,6,3.9,175,6.5,4,0,1,,6,,2,2.1,24,4,6,12,,1,1,1,29,,1,5,1,5,0,0,7,81
2021,"Mason Rudolph","PIT","26","QB",2,1,35,58,277,360,6.2,155,4.4,2.7,122,3.5,1,1,3,,9,,0,2,15,0,1,1,,3,18,0,44,,0,0,0,0,0,0,7,41
2021,"Nick Foles","CHI","32","QB",1,1,24,35,250,198,5.7,85,3.5,2.4,165,6.9,0,0,1,,4,,4,2.7,5,4,1,9,,1,8,1,30,,4,43,4,43,0,0,3,7
2021,"Brian Hoyer","NE","36","QB",5,0,9,11,227,97,8.8,84,9.3,7.6,143,15.9,0,0,0,,0,,0,2.2,4,0,0,0,,0,,0,11,,2,59,2,59,0,0,2,28
2021,"Jake Fromm","NYG","23","QB",3,2,27,60,210,425,7.1,111,4.1,1.9,99,3.7,2,0,3,,19,,6,2.2,21,5,7,18,,6,10.3,4,32,,11,39,9,15,2,24,14,16
2021,"Garrett Gilbert","WAS","30","QB",1,1,20,31,194,197,6.4,97,4.9,3.1,97,4.9,1,0,1,,6,,2,2.5,10,2,5,9,,0,,0,22,,2,51,2,51,0,0,5,87
2021,"Sean Mannion","MIN","29","QB",1,1,22,36,189,226,6.3,95,4.3,2.6,94,4.3,2,0,1,,7,,2,2.4,6,5,2,9,,1,11,1,24,,1,7,1,7,0,0,1,0
2021,"Brandon Allen","CIN","29","QB",6,1,17,34,149,169,5,29,1.7,0.9,120,7.1,0,1,2,,9,,4,2.2,7,1,2,7,,0,,0,19,,1,6,1,6,0,0,6,24
2021,"Nick Mullens","CLE","26","QB",1,1,20,30,147,204,6.8,76,3.8,2.5,71,3.6,0,1,2,,2,,0,2.3,6,5,4,9,,0,,0,22,,1,6,1,6,0,0,7,31
2021,"Ian Book","NO","23","QB",1,1,12,20,135,76,3.8,54,4.5,2.7,81,6.8,2,0,2,,3,,8,2.9,15,5,4,17,,2,1.5,0,15,,1,12,1,12,0,0,6,30
2021,"Kyle Allen","WAS","25","QB",2,0,12,19,120,135,7.1,74,6.2,3.9,46,3.8,1,0,2,,2,,2,2.3,4,2,1,5,,0,,0,15,,2,11,1,0,1,11,1,0
2021,"Cedrick Wilson","DAL","26","WR",16,4,3,3,88,67,22.3,67,22.3,22.3,21,7,0,0,0,,0,,0,2.2,0,0,0,0,,0,,0,3,,1,22,1,22,0,0,1,22
2021,"Chad Henne","KC","36","QB",4,0,11,16,82,125,7.8,58,5.3,3.6,24,2.2,1,0,1,,3,,0,2.2,3,1,2,3,,1,4,0,12,,0,0,0,0,0,0,0,0
2021,"Tom Kennedy","DET","25","WR",12,0,1,1,75,24,24,24,24,24,51,51,0,0,0,,0,,0,3.5,0,0,0,0,,0,,0,1,,0,0,0,0,0,0,1,75
2021,"Blaine Gabbert","TB","32","QB",6,0,7,11,67,90,8.2,28,4,2.5,39,5.6,0,0,0,,2,,1,2,3,1,0,2,,0,,1,7,,1,14,1,14,0,0,1,14
2021,"Tyler Boyd","CIN","27","WR",16,10,1,1,46,-4,-4,-4,-4,-4,50,50,0,0,0,,0,,0,3.1,0,1,0,1,,0,,0,1,,0,0,0,0,0,0,0,0
2021,"Jakobi Meyers","NE","25","WR",17,16,2,2,45,11,5.5,11,5.5,5.5,34,17,0,0,0,,0,,0,2.5,0,0,1,1,,0,,0,2,,1,15,1,15,0,0,1,15
2021,"Mitchell Trubisky","BUF","27","QB",6,0,6,8,43,41,5.1,26,4.3,3.3,17,2.8,0,0,1,,1,,0,2.2,1,0,0,0,,2,15,0,7,,1,1,1,1,0,0,3,24
2021,"Jack Fox","DET","25","P",17,0,2,3,38,30,10,17,8.5,5.7,21,10.5,0,0,0,,1,,0,1.8,2,0,0,0,,0,,0,2,,0,0,0,0,0,0,0,0
2021,"Chris Streveler","ARI","26","QB",2,0,6,9,36,38,4.2,14,2.3,1.6,22,3.7,0,0,0,,2,,2,2.5,0,1,0,3,,1,4,0,6,,0,0,0,0,0,0,1,9
2021,"Justin Jefferson","MIN","22","WR",17,17,2,4,35,36,9,7,3.5,1.8,28,14,0,0,0,,2,,0,2.3,2,0,2,2,,0,,0,2,,0,0,0,0,0,0,2,11
2021,"CJ Beathard","JAX","28","QB",2,0,2,2,33,27,13.5,27,13.5,13.5,6,3,0,0,0,,0,,0,2.2,1,1,0,1,,0,,0,2,,0,0,0,0,0,0,0,0
2021,"Christian Kirk","ARI","25","WR",17,11,1,1,33,33,33,33,33,33,0,0,0,0,0,,0,,0,1.5,0,0,0,0,,0,,0,1,,1,33,1,33,0,0,1,33
2021,"Kendrick Bourne","NE","26","WR",17,5,1,1,25,22,22,22,22,22,3,3,0,0,0,,0,,0,1.6,0,0,0,0,,0,,0,1,,0,0,0,0,0,0,0,0
2021,"Jacob Eason","IND","24","QB",1,0,2,5,25,63,12.6,18,9,3.6,7,3.5,0,0,1,,1,,0,3.3,0,0,1,1,,0,,0,4,,0,0,0,0,0,0,0,0
2021,"Deebo Samuel","SF","25","WR",16,15,1,2,24,39,19.5,24,24,12,0,0,0,0,0,,0,,0,2.4,1,0,1,1,,0,,0,1,,7,91,0,0,7,91,0,0
2021,"Chris Banjo","ARI","31","DB",16,0,1,1,23,19,19,19,19,19,4,4,0,0,0,,0,,0,1.7,0,0,0,0,,0,,0,1,,0,0,0,0,0,0,0,0
2021,"Josh Rosen","ATL","24","QB",4,0,2,11,19,121,11,8,4,0.7,11,5.5,1,0,2,,4,,0,2.7,3,3,0,3,,0,,0,3,,0,0,0,0,0,0,2,14
2021,"Kadarius Toney","NYG","22","WR",10,4,1,3,19,53,17.7,13,13,4.3,6,6,0,0,1,,1,,1,3,2,0,0,1,,1,1,0,2,,1,7,0,0,1,7,1,0
2021,"Dante Pettis","NYG","26","WR",3,0,1,1,16,13,13,13,13,13,3,3,0,0,0,,0,,0,3.7,0,0,0,0,,0,,0,1,,0,0,0,0,0,0,0,0
2021,"Courtland Sutton","DEN","26","WR",17,16,1,1,16,15,15,15,15,15,1,1,0,0,0,,0,,0,3.8,0,1,0,1,,0,,0,1,,0,0,0,0,0,0,0,0
2021,"Tommy Townsend","KC","25","P",16,0,1,1,16,11,11,11,11,11,5,5,0,0,0,,0,,0,2,1,0,0,0,,0,,0,1,,0,0,0,0,0,0,0,0
2021,"Ryan Fitzpatrick","WAS","39","QB",1,1,3,6,13,4,0.7,7,2.3,1.2,6,2,0,0,1,,1,,1,1.8,0,1,2,4,,1,2,0,5,,0,0,0,0,0,0,2,2
2021,"Matthias Farley","TEN","29","DB",17,0,1,1,6,4,4,4,4,4,2,2,0,0,0,,0,,0,1.8,1,0,0,0,,0,,0,1,,0,0,0,0,0,0,0,0
2021,"Derrick Henry","TEN","27","RB",8,8,1,1,5,5,5,5,5,5,0,0,0,0,0,,0,,0,2.1,0,0,0,0,,0,,0,1,,8,25,1,5,7,20,0,0
2021,"Kellen Mond","MIN","22","QB",1,0,2,3,5,0,0,-4,-2,-1.3,9,4.5,0,0,0,,1,,0,1.8,2,0,1,1,,0,,0,2,,0,0,0,0,0,0,1,-1
2021,"John Wolford","LA","26","QB",3,0,1,4,5,19,4.8,-2,-2,-0.5,7,7,0,0,0,,1,,1,2.2,0,0,0,1,,0,,0,2,,1,0,0,0,1,0,0,0
2021,"Ezekiel Elliott","DAL","26","RB",17,17,1,1,4,-4,-4,-4,-4,-4,8,8,0,0,0,,0,,0,0.4,0,0,0,0,,0,,0,1,,35,188,0,0,35,188,0,0
2021,"Marcus Mariota","LV","28","QB",10,0,1,2,4,31,15.5,-4,-4,-2,8,8,0,0,0,,0,,0,2.4,0,0,0,0,,0,,0,1,,9,71,0,0,9,71,0,0
2021,"Johnny Hekker","LA","31","P",17,0,1,1,2,-4,-4,-4,-4,-4,6,6,0,0,0,,0,,0,2.8,1,0,1,1,,0,,0,1,,0,0,0,0,0,0,0,0
2021,"Greg Ward","PHI","26","WR",17,0,1,2,2,2,1,-1,-1,-0.5,3,3,0,0,0,,1,,0,2.1,0,0,0,0,,0,,0,1,,1,2,1,2,0,0,1,2
2021,"Kendall Hinton","DEN","24","WR",16,1,1,1,1,-5,-5,-5,-5,-5,6,6,0,0,0,,0,,0,0.9,0,0,1,1,,0,,0,1,,1,1,1,1,0,0,1,1
2021,"Keenan Allen","LAC","29","WR",16,16,0,1,0,14,14,0,,0,0,,0,0,0,,1,,0,1.3,0,0,0,0,,0,,0,0,,0,0,0,0,0,0,0,0
2021,"Danny Amendola","HOU","36","WR",8,0,0,1,0,14,14,0,,0,0,,0,0,0,,0,,0,1.2,1,0,0,0,,0,,0,0,,0,0,0,0,0,0,0,0
2021,"Cole Beasley","BUF","32","WR",16,8,0,1,0,19,19,0,,0,0,,0,0,0,,0,,0,1.3,0,1,0,1,,0,,0,1,,1,0,1,0,0,0,1,0
2021,"Chris Boswell","PIT","30","K",17,0,0,1,0,10,10,0,,0,0,,0,0,0,,1,,0,3.4,1,0,0,0,,0,,0,0,,0,0,0,0,0,0,0,0
2021,"AJ Brown","TEN","24","WR",13,13,0,2,0,42,21,0,,0,0,,1,0,0,,1,,0,0.9,0,0,0,0,,0,,0,0,,0,0,0,0,0,0,0,0
2021,"Rex Burkhead","HOU","31","RB",16,5,0,1,0,7,7,0,,0,0,,1,0,0,,0,,0,0.9,0,0,0,0,,0,,0,0,,7,21,0,0,7,21,0,0
2021,"Keelan Cole","NYJ","28","WR",15,11,0,1,0,8,8,0,,0,0,,0,0,0,,0,,0,3.3,1,0,1,1,,0,,0,1,,0,0,0,0,0,0,1,0
2021,"Riley Dixon","NYG","28","P",17,0,0,1,0,13,13,0,,0,0,,0,0,0,,1,,0,2.3,0,0,0,0,,0,,0,0,,0,0,0,0,0,0,0,0
2021,"Leonard Fournette","TB","26","RB",14,13,0,1,0,0,0,0,,0,0,,0,0,0,,0,,0,2.8,0,0,0,0,,0,,1,0,,10,86,0,0,10,86,0,0
2021,"Feleipe Franks","ATL","24","QB",9,0,0,1,0,2,2,0,,0,0,,0,0,0,,0,,0,1.7,0,0,0,0,,0,,0,0,,3,6,0,0,3,6,0,0
2021,"Mike Gesicki","MIA","26","TE",17,9,0,1,0,28,28,0,,0,0,,0,0,0,,1,,0,3.8,0,0,0,0,,0,,0,0,,0,0,0,0,0,0,0,0
2021,"Blake Gillikin","NO","23","P",17,0,0,1,0,9,9,0,,0,0,,0,0,0,,1,,0,1.8,1,0,0,0,,0,,0,0,,0,0,0,0,0,0,0,0
2021,"Sam Koch","BAL","39","P",17,0,0,1,0,10,10,0,,0,0,,0,0,0,,1,,0,2,0,0,0,0,,0,,0,0,,0,0,0,0,0,0,0,0
2021,"Cooper Kupp","LA","28","WR",17,17,0,1,0,25,25,0,,0,0,,0,0,0,,0,,0,1.5,1,1,0,1,,0,,0,0,,0,0,0,0,0,0,0,0
2021,"Ty Long","LAC","28","P",17,0,0,1,0,10,10,0,,0,0,,0,0,0,,0,,0,2,1,0,0,0,,0,,0,0,,0,0,0,0,0,0,0,0
2021,"David Montgomery","CHI","24","RB",13,13,0,1,0,9,9,0,,0,0,,0,0,0,,0,,0,2,1,0,0,0,,0,,0,0,,15,101,0,0,15,101,0,0
2021,"Cordarrelle Patterson","ATL","30","RB",16,13,0,1,0,18,18,0,,0,0,,1,0,0,,0,,0,2.3,0,0,1,1,,0,,0,0,,8,30,0,0,8,30,0,0
2021,"Brett Rypien","DEN","25","QB",1,0,0,2,0,11,5.5,0,,0,0,,1,0,0,,1,,0,2.5,1,0,0,0,,0,,0,0,,0,0,0,0,0,0,0,0
2021,"DAndre Swift","DET","22","RB",13,4,0,1,0,-12,-12,0,,0,0,,0,0,0,,0,,0,0,0,0,0,0,,0,,0,0,,13,166,0,0,13,166,0,0
2021,"Albert Wilson","MIA","29","WR",14,5,0,1,0,5,5,0,,0,0,,0,0,1,,0,,1,1.5,2,0,0,1,,0,,0,1,,0,0,0,0,0,0,1,0
2021,"Brandon Zylstra","CAR","28","WR",13,3,0,1,0,13,13,0,,0,0,,0,0,0,,1,,0,1.2,0,0,0,0,,0,,0,0,,0,0,0,0,0,0,0,0
2022,"Patrick Mahomes","KC","27","QB",17,17,435,648,5250,4686,7.2,2397,5.5,3.7,2853,6.6,33,0,33,,95,,26,2.6,160,58,56,140,,46,7.5,8,474,,91,713,86,692,4,21,143,1394
2022,"Justin Herbert","LAC","24","QB",17,17,477,699,4739,4476,6.4,2246,4.7,3.2,2493,5.2,25,2,39,,87,,38,2.5,182,50,72,160,,22,6.5,23,508,,41,328,41,328,0,0,188,1435
2022,"Tom Brady","TB","45","QB",17,17,490,733,4694,4876,6.7,2379,4.9,3.2,2315,4.7,22,4,32,,116,,22,2.2,130,23,55,100,,3,1,11,545,,23,160,23,160,0,0,123,948
2022,"Kirk Cousins","MIN","34","QB",17,17,424,643,4547,4800,7.5,2569,6.1,4,1978,4.7,27,3,25,,93,,46,2.5,159,36,84,166,,12,9.1,14,469,,20,175,19,175,0,0,191,1283
2022,"Joe Burrow","CIN","26","QB",16,16,414,606,4475,4121,6.8,2319,5.6,3.8,2156,5.2,17,1,34,,76,,41,2.2,110,22,48,111,,27,7.5,24,465,,65,432,58,414,2,18,95,619
2022,"Jared Goff","DET","28","QB",17,17,382,587,4438,4106,7,2151,5.6,3.7,2287,6,27,1,34,,94,,23,2.4,186,43,53,119,,14,4.6,11,426,,20,108,20,108,0,0,154,1445
2022,"Josh Allen","BUF","26","QB",16,16,359,567,4283,5205,9.2,2691,7.5,4.7,1592,4.4,18,1,37,,91,,33,2.5,144,41,40,114,,57,9.4,14,404,,69,493,62,471,5,22,145,1235
2022,"Geno Smith","SEA","32","QB",17,17,399,572,4282,4325,7.6,2506,6.3,4.4,1776,4.5,20,1,18,,65,,46,2.4,170,37,64,147,,34,9.1,11,434,,37,283,34,278,2,5,135,1150
2022,"Trevor Lawrence","JAX","23","QB",17,17,387,584,4113,4328,7.4,2111,5.5,3.6,2002,5.2,16,2,40,,85,,27,2.2,158,45,39,111,,24,9.1,17,431,,64,449,56,434,4,15,140,1265
2022,"Jalen Hurts","PHI","24","QB",15,15,306,460,3701,3714,8.1,1928,6.3,4.2,1773,5.8,23,0,22,,62,,38,2.3,172,39,22,99,,44,7.8,13,340,,148,1156,122,1068,21,88,133,1094
2022,"Aaron Rodgers","GB","39","QB",17,17,350,542,3695,4341,8,1816,5.2,3.4,1879,5.4,25,2,40,,76,,32,2.4,136,37,39,108,,13,7.8,8,415,,62,417,58,413,1,4,136,994
2022,"Tua Tagovailoa","MIA","24","QB",13,13,259,400,3548,3790,9.5,2267,8.8,5.7,1281,4.9,13,1,26,,61,,21,2.3,86,40,25,86,,10,7.6,6,296,,74,622,71,615,1,7,159,1431
2022,"Russell Wilson","DEN","34","QB",15,15,292,483,3524,4270,8.8,1803,6.2,3.7,1721,5.9,32,1,30,,70,,55,2.5,138,42,65,162,,28,7.8,19,330,,29,188,25,165,4,23,112,814
2022,"Derek Carr","LV","31","QB",15,15,305,502,3522,4589,9.1,2009,6.6,4,1513,5,27,0,25,,95,,27,2.6,119,33,40,100,,14,6.9,11,341,,17,92,17,92,0,0,108,906
2022,"Daniel Jones","NYG","25","QB",16,16,317,472,3205,3024,6.4,1609,5.1,3.4,1596,5,24,5,29,,54,,44,2.5,137,46,53,143,,53,7.2,11,359,,49,310,39,240,9,70,141,984
2022,"Davis Mills","HOU","24","QB",15,15,292,479,3118,3680,7.7,1588,5.4,3.3,1530,5.2,12,1,18,,108,,31,2.3,127,34,59,124,,16,6.3,13,329,,21,143,20,142,1,1,117,931
2022,"Matt Ryan","IND","37","QB",12,12,309,461,3057,2763,6,1643,5.3,3.6,1414,4.6,17,1,19,,60,,38,2.3,145,33,51,122,,10,8,12,340,,33,212,30,212,0,0,80,494
2022,"Mac Jones","NE","24","QB",14,14,288,442,2997,3474,7.9,1566,5.4,3.5,1431,5,16,2,28,,57,,34,2.2,94,34,27,95,,20,5.8,8,318,,21,121,19,121,0,0,80,640
2022,"Andy Dalton","NO","35","QB",14,14,252,378,2871,2974,7.9,1543,6.1,4.1,1328,5.3,14,0,25,,45,,25,2.3,99,15,21,61,,11,4.8,10,284,,9,63,8,60,1,3,61,611
2022,"Dak Prescott","DAL","29","QB",12,12,261,394,2860,3240,8.2,1656,6.3,4.2,1204,4.6,6,0,24,,67,,20,2.5,102,29,37,86,,15,5,4,296,,46,324,40,288,5,36,94,663
2022,"Jacoby Brissett","CLE","30","QB",16,11,236,369,2608,3154,8.5,1513,6.4,4.1,1095,4.6,16,3,25,,48,,24,2.5,101,39,39,102,,23,8.7,5,265,,11,36,11,36,0,0,76,700
2022,"Ryan Tannehill","TEN","34","QB",12,12,212,325,2536,2518,7.7,1363,6.4,4.2,1173,5.5,7,1,20,,38,,33,2.5,105,22,35,90,,13,7.2,11,235,,28,198,25,172,2,26,84,1052
2022,"Jimmy Garoppolo","SF","31","QB",11,10,207,308,2437,2115,6.9,990,4.8,3.2,1447,7,2,0,21,,39,,18,2.3,87,9,24,51,,3,3.7,10,228,,32,190,29,189,1,1,52,420
2022,"Kenny Pickett","PIT","24","QB",13,12,245,389,2404,2923,7.5,1331,5.4,3.4,1073,4.4,19,1,16,,67,,27,2.5,95,34,32,93,,27,7.3,8,266,,34,152,29,135,4,17,65,315
2022,"Kyler Murray","ARI","25","QB",11,11,259,390,2368,2673,6.9,1114,4.3,2.9,1254,4.8,16,3,22,,44,,25,2.2,89,42,15,82,,29,7.9,9,289,,50,393,43,336,7,57,61,440
2022,"Justin Fields","CHI","23","QB",15,15,192,318,2242,2900,9.1,1285,6.7,4,957,5,13,0,16,,59,,55,2.7,102,33,31,119,,69,9.6,12,217,,90,475,61,368,25,107,83,759
2022,"Lamar Jackson","BAL","25","QB",12,12,203,326,2242,2719,8.3,1271,6.3,3.9,971,4.8,16,1,26,,56,,26,2.6,125,32,15,73,,24,8.2,8,233,,110,919,72,587,35,332,99,814
2022,"Marcus Mariota","ATL","29","QB",13,13,184,300,2219,3109,10.4,1319,7.2,4.4,900,4.9,7,4,8,,65,,28,2.6,101,13,33,74,,26,7.4,3,204,,133,1044,90,803,37,241,68,564
2022,"Baker Mayfield","2TM","27","QB",12,10,201,335,2163,2271,6.8,1031,5.1,3.1,1132,5.6,15,1,17,,60,,36,,110,23,21,80,,15,5.5,16,226,,20,74,19,68,1,6,97,657
2022,"Matthew Stafford","LA","34","QB",9,9,206,303,2087,2018,6.7,959,4.7,3.2,1128,5.5,6,1,11,,54,,29,2.3,77,23,27,79,,5,3,3,224,,14,146,14,146,0,0,68,614
2022,"Taylor Heinicke","WAS","29","QB",9,9,161,259,1859,2099,8.1,1075,6.7,4.2,784,4.9,14,2,6,,44,,19,2.5,63,22,40,81,,14,6.5,7,177,,44,340,38,338,3,2,75,658
2022,"Carson Wentz","WAS","30","QB",8,7,172,276,1755,2156,7.8,929,5.4,3.4,826,4.8,6,0,16,,54,,26,2.3,84,15,29,70,,12,6.8,8,192,,39,221,34,215,2,6,65,431
2022,"Zach Wilson","NYJ","23","QB",9,9,132,242,1688,2180,9,878,6.7,3.6,810,6.1,20,0,11,,56,,23,2.5,94,36,15,74,,13,7.5,5,149,,35,226,32,224,1,2,54,375
2022,"Brock Purdy","SF","23","QB",9,5,114,170,1374,1119,6.6,668,5.9,3.9,706,6.2,5,0,13,,20,,11,2.3,54,5,15,31,,6,4.2,7,127,,9,102,9,102,0,0,37,288
2022,"Mitchell Trubisky","PIT","28","QB",7,5,117,180,1252,1730,9.6,870,7.4,4.8,382,3.3,2,1,7,,25,,11,2.3,43,9,10,30,,4,4.5,4,130,,13,103,11,96,2,7,29,287
2022,"Mike White","NYJ","27","QB",4,4,103,175,1192,1299,7.4,624,6.1,3.6,568,5.5,6,0,3,,38,,9,2.3,28,5,16,30,,1,4,6,113,,16,212,14,212,0,0,29,216
2022,"Sam Darnold","CAR","25","QB",6,6,82,140,1143,1103,7.9,553,6.7,4,590,7.2,19,3,7,,16,,10,2.7,49,13,9,32,,9,9,3,91,,17,100,15,100,2,0,52,414
2022,"Deshaun Watson","CLE","27","QB",6,6,99,170,1102,1207,7.1,558,5.6,3.3,544,5.5,12,2,12,,22,,20,2.9,35,5,12,37,,14,7.1,4,116,,26,227,19,169,6,58,51,403
2022,"Joe Flacco","NYJ","37","QB",5,4,110,191,1051,1491,7.8,587,5.3,3.1,464,4.2,6,0,13,,38,,10,2.4,55,16,26,52,,1,7,5,127,,8,47,7,47,0,0,33,244
2022,"Cooper Rush","DAL","29","QB",9,5,94,162,1051,1257,7.8,596,6.3,3.7,455,4.8,2,1,9,,33,,7,2.2,47,14,17,38,,2,4,8,106,,7,56,6,54,1,2,45,383
2022,"Jameis Winston","NO","28","QB",3,3,73,115,858,1315,11.4,651,8.9,5.7,207,2.8,2,2,3,,23,,11,2.5,41,9,11,31,,3,3.7,2,81,,2,21,2,21,0,0,11,32
2022,"Bailey Zappe","NE","23","QB",4,2,65,92,781,638,6.9,411,6.3,4.5,370,5.7,4,0,3,,11,,6,2.5,36,5,2,13,,1,5,5,69,,8,77,7,72,1,5,24,389
2022,"Colt McCoy","ARI","36","QB",4,3,90,132,780,801,6.1,412,4.6,3.1,368,4.1,3,0,11,,22,,13,2.1,25,4,15,32,,8,4.3,2,102,,32,205,27,202,3,3,22,151
2022,"PJ Walker","CAR","27","QB",6,5,63,106,731,864,8.2,323,5.1,3,408,6.5,1,0,7,,21,,7,2.2,28,4,4,15,,2,13,1,69,,14,60,12,52,1,8,32,168
2022,"Desmond Ridder","ATL","23","QB",4,4,73,115,708,902,7.8,379,5.2,3.3,329,4.5,5,0,1,,20,,9,2.7,41,1,8,18,,11,5.5,1,83,,34,127,30,119,3,8,18,148
2022,"Teddy Bridgewater","MIA","30","QB",5,2,49,79,683,664,8.4,376,7.7,4.8,307,6.3,4,0,2,,16,,7,2.7,7,5,13,25,,3,9,1,56,,12,151,12,151,0,0,17,208
2022,"Gardner Minshew","PHI","26","QB",5,2,44,76,663,699,9.2,412,9.4,5.4,251,5.7,5,1,2,,14,,6,2.5,15,4,2,12,,2,2,2,51,,18,214,14,213,1,1,6,98
2022,"Tyler Huntley","BAL","24","QB",6,4,75,112,658,826,7.4,408,5.4,3.6,250,3.3,4,2,3,,15,,7,1.9,27,8,3,18,,15,6.1,0,83,,27,127,20,110,6,17,13,67
2022,"Jarrett Stidham","LV","26","QB",5,2,53,83,656,755,9.1,395,7.5,4.8,261,4.9,4,0,5,,13,,7,2.7,18,6,17,30,,11,7.2,2,59,,6,28,6,28,0,0,18,189
2022,"Sam Ehlinger","IND","24","QB",4,3,64,101,573,722,7.1,279,4.4,2.8,294,4.6,1,0,6,,18,,14,2.5,23,8,7,29,,11,6.5,2,74,,12,100,10,97,1,3,22,156
2022,"Skylar Thompson","MIA","25","QB",7,2,60,105,534,783,7.5,326,5.4,3.1,208,3.5,4,0,8,,22,,6,2.6,15,16,25,47,,5,4,2,70,,17,87,14,81,2,6,20,72
2022,"Brett Rypien","DEN","26","QB",4,2,53,88,483,734,8.3,216,4.1,2.5,267,5,1,0,2,,19,,8,2.4,22,2,9,19,,1,6,2,63,,4,9,4,9,0,0,17,66
2022,"Kyle Allen","HOU","26","QB",2,2,46,78,416,553,7.1,170,3.7,2.2,246,5.3,3,0,4,,14,,5,2,22,2,7,14,,2,4.5,4,52,,1,13,1,13,0,0,28,148
2022,"Trace McSorley","ARI","27","QB",6,1,45,83,412,644,7.8,205,4.6,2.5,207,4.6,5,1,2,,21,,3,2.2,24,5,8,16,,6,6.2,1,50,,8,58,7,57,1,1,13,83
2022,"Joshua Dobbs","TEN","27","QB",2,2,40,68,411,525,7.7,198,5,2.9,213,5.3,3,0,3,,14,,6,2.5,25,11,16,33,,3,7.7,2,43,,12,94,7,70,4,24,16,125
2022,"David Blough","ARI","27","QB",2,2,38,58,402,481,8.3,177,4.7,3.1,225,5.9,2,0,2,,10,,5,2.2,15,0,7,12,,2,3.5,0,43,,16,188,15,188,0,0,14,166
2022,"John Wolford","LA","27","QB",3,3,38,62,390,504,8.1,192,5.1,3.1,198,5.2,1,0,1,,10,,7,2.7,19,7,14,28,,5,5.8,2,50,,8,44,8,44,0,0,24,199
2022,"Anthony Brown","BAL","24","QB",2,1,22,49,302,401,8.2,160,7.3,3.3,142,6.5,1,2,3,,12,,5,2.3,21,2,4,11,,0,,2,28,,2,12,2,12,0,0,12,74
2022,"Malik Willis","TEN","23","QB",8,3,31,61,276,495,8.1,126,4.1,2.1,150,4.8,7,0,4,,12,,10,2.7,18,11,2,23,,9,6,2,36,,17,159,5,93,11,66,13,42
2022,"Taysom Hill","NO","32","TE",16,8,13,19,240,254,13.4,138,10.6,7.3,102,7.8,1,0,1,,2,,2,2.4,8,1,2,5,,0,,0,14,,20,95,5,26,14,69,6,35
2022,"Nick Foles","IND","33","QB",3,2,25,42,224,343,8.2,134,5.4,3.2,90,3.6,1,0,2,,9,,8,2.4,13,4,3,15,,1,8,0,27,,4,32,3,32,0,0,7,35
2022,"Nick Mullens","MIN","27","QB",4,0,21,25,224,170,6.8,107,5.1,4.3,117,5.6,0,0,0,,2,,0,2.4,3,0,4,4,,2,3,0,23,,1,2,0,0,1,2,10,87
2022,"Jordan Love","GB","24","QB",4,0,14,21,195,151,7.2,78,5.6,3.7,117,8.4,0,1,1,,3,,0,2.1,1,0,0,0,,0,,0,16,,0,0,0,0,0,0,1,63
2022,"Trey Lance","SF","22","QB",2,2,15,31,194,207,6.7,114,7.6,3.7,80,5.3,1,0,3,,10,,2,2.7,4,4,2,8,,4,4.3,0,19,,4,6,1,0,3,6,6,51
2022,"Trevor Siemian","CHI","31","QB",2,1,15,26,184,171,6.6,68,4.5,2.6,116,7.7,1,0,0,,5,,2,1.5,4,2,2,6,,1,6,0,15,,4,36,4,36,0,0,6,44
2022,"Sam Howell","WAS","22","QB",1,1,11,19,169,160,8.4,94,8.5,4.9,75,6.8,1,0,2,,3,,3,2.7,1,1,0,4,,3,9,1,13,,2,-2,2,-2,0,0,4,-2
2022,"Davis Webb","NYG","27","QB",1,1,23,40,168,204,5.1,92,4,2.3,76,3.3,2,0,0,,7,,0,1.8,8,5,7,12,,2,8,2,23,,3,4,3,4,0,0,11,19
2022,"Bryce Perkins","LA","26","QB",5,1,19,34,161,196,5.8,96,5.1,2.8,65,3.4,0,1,1,,4,,6,2.7,7,6,3,15,,4,8,5,21,,4,38,1,15,2,23,7,48
2022,"Nathan Peterman","CHI","28","QB",3,1,14,25,139,265,10.6,95,6.8,3.8,44,3.1,0,1,2,,5,,1,2.5,5,1,1,3,,2,3.5,0,17,,1,20,1,20,0,0,4,52
2022,"Jeff Driskel","HOU","29","QB",7,2,14,20,108,45,2.3,29,2.1,1.5,79,5.6,1,0,1,,0,,2,1.8,4,2,1,5,,3,5.3,3,15,,13,73,10,66,3,7,7,26
2022,"Chris Streveler","NYJ","27","QB",2,1,10,15,90,131,8.7,73,7.3,4.9,17,1.7,0,0,1,,2,,0,2.5,6,0,4,4,,4,7.8,0,10,,0,0,0,0,0,0,2,37
2022,"Jacob Eason","CAR","25","QB",1,0,3,5,59,20,4,9,3,1.8,50,16.7,0,0,0,,1,,0,2.2,0,0,1,1,,0,,0,4,,0,0,0,0,0,0,0,0
2022,"Tyrod Taylor","NYG","33","QB",3,0,6,8,58,99,12.4,32,5.3,4,26,4.3,0,0,1,,0,,3,2.6,1,0,1,4,,4,14.3,0,7,,1,0,1,0,0,0,2,0
2022,"Chase Daniel","LAC","36","QB",4,0,8,12,52,17,1.4,-11,-1.4,-0.9,63,7.9,0,0,1,,3,,1,1.8,4,0,1,2,,1,4,0,9,,0,0,0,0,0,0,0,0
2022,"Brian Hoyer","NE","37","QB",1,1,5,6,37,28,4.7,15,3,2.5,22,4.4,0,0,0,,1,,1,1.6,4,0,1,2,,0,,0,5,,0,0,0,0,0,0,2,26
2022,"CJ Beathard","JAX","29","QB",4,0,7,11,35,57,5.2,15,2.1,1.4,20,2.9,0,0,1,,2,,1,1.8,1,0,2,3,,0,,0,8,,0,0,0,0,0,0,3,17
2022,"Justin Jefferson","MIN","23","WR",17,17,2,2,34,3,1.5,3,1.5,1.5,31,15.5,0,0,0,,0,,0,1.9,1,0,0,0,,1,8,0,2,,1,11,1,11,0,0,1,11
2022,"Christian McCaffrey","2TM","26","RB",17,16,1,1,34,31,31,31,31,31,3,3,0,0,0,,0,,0,,0,0,0,0,,0,,0,1,,4,10,0,0,4,10,0,0
2022,"Tim Boyle","CHI","28","QB",1,0,2,8,33,101,12.6,1,0.5,0.1,32,16,0,0,0,,3,,0,2.4,1,0,1,1,,0,,0,5,,2,0,2,0,0,0,3,16
2022,"Blaine Gabbert","TB","33","QB",1,0,6,8,29,20,2.5,-8,-1.3,-1,37,6.2,0,0,1,,0,,0,1.7,2,0,0,0,,0,,0,8,,2,20,2,20,0,0,1,7
2022,"Tyler Boyd","CIN","28","WR",16,14,1,1,23,21,21,21,21,21,2,2,0,0,0,,0,,1,3.3,0,0,0,1,,0,,0,1,,2,23,1,23,0,0,0,0
2022,"Kyle Trask","TB","24","QB",1,0,3,9,23,99,11,3,1,0.3,20,6.7,1,0,0,,2,,0,2.3,2,0,2,2,,0,,0,5,,0,0,0,0,0,0,0,0
2022,"Brandon Allen","CIN","30","QB",1,0,3,3,22,10,3.3,10,3.3,3.3,12,4,0,0,0,,0,,1,2.5,3,0,0,1,,0,,0,3,,0,0,0,0,0,0,0,0
2022,"Riley Dixon","LA","29","P",17,0,2,2,18,10,5,10,5,5,8,4,0,0,0,,0,,0,1.7,1,0,0,0,,0,,0,2,,0,0,0,0,0,0,0,0
2022,"Braden Mann","NYJ","25","P",17,0,1,2,17,8,4,8,8,4,9,9,0,0,0,,1,,0,1.2,2,0,0,0,,0,,0,1,,0,0,0,0,0,0,0,0
2022,"Ryan Wright","MIN","22","P",17,0,1,2,13,21,10.5,13,13,6.5,0,0,0,0,0,,0,,0,1.5,1,0,0,0,,0,,0,1,,0,0,0,0,0,0,0,0
2022,"Josh Johnson","SF","36","QB",2,0,1,2,10,2,1,6,6,3,4,4,0,0,0,,0,,0,1.4,2,0,0,0,,0,,1,1,,0,0,0,0,0,0,0,0
2022,"Case Keenum","BUF","34","QB",2,0,2,7,8,57,8.1,3,1.5,0.4,5,2.5,0,0,1,,2,,0,1.7,6,0,0,0,,0,,0,3,,2,4,1,0,1,4,1,0
2022,"Jack Fox","DET","26","P",17,0,1,1,6,6,6,6,6,6,0,0,0,0,0,,0,,0,1.2,1,0,0,0,,0,,0,1,,0,0,0,0,0,0,0,0
2022,"Najee Harris","PIT","24","RB",17,17,1,1,4,-4,-4,-4,-4,-4,8,8,0,0,0,,0,,0,0.8,0,0,0,0,,0,,0,1,,8,32,0,0,8,32,0,0
2022,"Derrick Henry","TEN","28","RB",16,16,2,2,4,3,1.5,3,1.5,1.5,1,0.5,0,0,0,,0,,0,1.4,2,0,0,0,,0,,0,2,,11,43,1,3,10,40,0,0
2022,"Mack Hollins","LV","29","WR",17,16,1,1,4,-6,-6,-6,-6,-6,10,10,0,0,0,,0,,0,3.3,0,0,0,0,,0,,0,1,,1,4,1,4,0,0,0,0
2022,"Andy Lee","ARI","40","P",17,0,1,1,4,0,0,0,0,0,4,4,0,0,0,,0,,0,1.9,1,0,0,0,,0,,0,1,,0,0,0,0,0,0,0,0
2022,"Braxton Berrios","NYJ","27","WR",17,2,1,1,2,2,2,2,2,2,0,0,0,0,0,,0,,0,1,1,0,0,0,,0,,0,1,,2,1,1,2,1,-1,1,2
2022,"Chase Claypool","2TM","24","WR",15,11,1,1,1,1,1,1,1,1,0,0,0,0,0,,0,,0,,1,0,1,1,,0,,0,1,,0,0,0,0,0,0,0,0
2022,"Rex Burkhead","HOU","32","RB",16,0,0,1,0,7,7,0,,0,0,,0,0,0,,1,,0,1,1,0,0,0,,0,,0,0,,0,0,0,0,0,0,1,0
2022,"Amari Cooper","CLE","28","WR",17,17,0,1,0,18,18,0,,0,0,,0,0,0,,1,,0,1.2,1,0,1,1,,0,,0,0,,0,0,0,0,0,0,1,0
2022,"DeeJay Dallas","SEA","24","RB",15,0,0,1,0,10,10,0,,0,0,,0,0,0,,1,,0,2.9,0,0,0,0,,0,,0,0,,1,8,0,0,1,8,1,0
2022,"Phillip Dorsett","HOU","29","WR",15,4,0,1,0,12,12,0,,0,0,,1,0,0,,0,,0,4.4,0,0,1,1,,0,,0,0,,0,0,0,0,0,0,1,0
2022,"Leonard Fournette","TB","27","RB",16,9,0,1,0,16,16,0,,0,0,,0,0,0,,0,,0,1.8,0,0,0,0,,0,,0,0,,10,40,0,0,10,40,0,0
2022,"Chad Henne","KC","37","QB",3,0,0,2,0,-4,-2,0,,0,0,,0,0,1,,0,,0,1.8,0,0,0,0,,0,,1,0,,0,0,0,0,0,0,0,0
2022,"Christian Kirk","JAX","26","WR",17,17,0,1,0,1,1,0,,0,0,,0,0,0,,1,,0,1.1,0,0,0,0,,0,,0,0,,1,0,1,0,0,0,1,0
2022,"Cooper Kupp","LA","29","WR",9,9,0,1,0,25,25,0,,0,0,,0,0,0,,1,,0,3.2,0,0,1,1,,0,,0,0,,0,0,0,0,0,0,0,0
2022,"James Proche","BAL","26","WR",15,0,0,1,0,33,33,0,,0,0,,0,0,0,,0,,0,0.4,0,0,0,0,,0,,0,1,,1,0,1,0,0,0,1,0
2022,"Tommy Townsend","KC","26","P",17,0,0,1,0,1,1,0,,0,0,,0,0,0,,1,,0,3.3,1,0,0,0,,0,,0,0,,0,0,0,0,0,0,0,0
2022,"Garrett Wilson","NYJ","22","WR",17,12,0,1,0,9,9,0,,0,0,,1,0,0,,0,,0,4.3,0,0,0,0,,0,,0,0,,1,0,1,0,0,0,0,0
2023,"Tua Tagovailoa","MIA","25","QB",16,16,371,533,4451,4009,7.5,2338,6.3,4.4,2113,5.7,14,2,23,,73,,29,2.1,115,33,25,87,,14,5.2,9,412,,102,1013,96,1009,1,4,126,1145
2023,"Brock Purdy","SF","24","QB",16,16,308,444,4280,3623,8.2,2226,7.2,5,2054,6.7,12,3,9,,70,,28,2.6,142,28,42,98,,16,7.8,13,324,,24,236,20,227,1,9,93,969
2023,"Jared Goff","DET","29","QB",16,16,384,573,4255,3810,6.6,2281,5.9,4,1974,5.1,26,4,35,,82,,29,2.3,184,38,67,134,,7,4.4,14,438,,20,165,19,162,1,3,138,1203
2023,"Dak Prescott","DAL","30","QB",16,16,379,554,4237,4397,7.9,2427,6.4,4.4,1810,4.8,10,0,36,,66,,39,2.4,155,26,47,112,,28,6.9,9,446,,82,645,73,620,5,25,96,579
2023,"Patrick Mahomes","KC","28","QB",16,16,401,597,4183,3876,6.5,1631,4.1,2.7,2552,6.4,29,2,39,,75,,27,2.5,133,60,65,152,,50,8.1,6,457,,56,337,51,325,3,12,79,794
2023,"Matthew Stafford","LA","35","QB",15,15,326,521,3965,4033,7.7,2075,6.4,4,1890,5.8,22,3,33,,94,,30,2.5,172,27,43,100,,13,5.5,8,372,,20,157,19,157,0,0,97,1013
2023,"Josh Allen","BUF","27","QB",16,16,355,541,3947,4652,8.6,2114,6,3.9,1833,5.2,27,2,30,,75,,21,2.4,166,47,46,114,,46,7.2,6,397,,75,529,63,491,9,38,90,912
2023,"Baker Mayfield","TB","28","QB",16,16,344,534,3907,4587,8.6,2051,6,3.8,1856,5.4,16,0,24,,76,,37,2.4,131,35,32,104,,27,6,19,389,,57,286,50,276,4,10,89,692
2023,"CJ Stroud","HOU","22","QB",14,14,299,473,3844,4225,8.9,2199,7.4,4.6,1645,5.5,16,6,18,,90,,36,2.5,120,47,36,119,,20,6.4,9,337,,33,315,30,314,1,1,87,893
2023,"Jordan Love","GB","25","QB",16,16,345,547,3843,4681,8.6,2079,6,3.8,1764,5.1,18,2,29,,96,,29,2.4,212,47,42,118,,23,8.8,8,400,,73,525,62,486,8,39,105,957
2023,"Jalen Hurts","PHI","25","QB",16,16,345,522,3803,4476,8.6,2123,6.2,4.1,1680,4.9,32,0,18,,69,,34,2.6,174,54,27,115,,46,6.9,14,387,,111,573,84,489,20,84,81,646
2023,"Sam Howell","WAS","23","QB",16,16,369,585,3793,4460,7.6,1917,5.2,3.3,1876,5.1,32,1,25,,85,,61,2.4,178,39,55,155,,32,7.5,19,405,,70,361,59,337,4,24,65,346
2023,"Trevor Lawrence","JAX","24","QB",15,15,341,521,3736,4325,8.3,2073,6.1,4,1663,4.9,10,0,23,,96,,35,2.2,145,37,40,112,,40,8.1,15,379,,75,502,63,441,10,61,82,875
2023,"Lamar Jackson","BAL","26","QB",16,16,307,457,3678,3834,8.4,1928,6.3,4.2,1750,5.7,15,1,22,,73,,37,2.7,169,22,29,88,,65,6.4,9,326,,115,1046,86,893,25,153,58,525
2023,"Derek Carr","NO","32","QB",16,16,353,520,3614,4047,7.8,1997,5.7,3.8,1617,4.6,22,0,20,,80,,29,2.3,166,21,34,84,,9,5.7,5,395,,22,96,22,96,0,0,78,722
2023,"Geno Smith","SEA","33","QB",14,14,307,471,3435,3309,7,1800,5.9,3.8,1635,5.3,19,4,20,,68,,31,2.4,137,59,46,136,,18,7.3,15,335,,48,472,44,462,3,10,112,1115
2023,"Gardner Minshew","IND","27","QB",16,12,292,466,3164,3339,7.2,1659,5.7,3.6,1505,5.2,24,0,25,,65,,33,2.4,164,31,28,92,,19,5.3,15,330,,95,618,85,587,4,31,57,431
2023,"Justin Herbert","LAC","25","QB",13,13,297,456,3134,3479,7.6,1571,5.3,3.4,1563,5.3,11,0,22,,71,,29,2.4,158,36,42,107,,27,8.4,11,339,,68,435,60,402,7,33,80,517
2023,"Russell Wilson","DEN","35","QB",15,15,297,447,3070,3193,7.1,1335,4.5,3,1735,5.8,26,4,17,,55,,45,2.7,144,42,48,135,,38,7.3,11,325,,30,296,22,235,8,61,94,673
2023,"Bryce Young","CAR","22","QB",15,15,304,509,2783,3875,7.6,1538,5.1,3,1245,4.1,46,1,19,,100,,59,2.5,152,32,48,139,,29,8.1,6,337,,30,149,25,145,1,4,79,589
2023,"Desmond Ridder","ATL","24","QB",14,12,227,358,2545,2984,8.3,1527,6.7,4.3,1018,4.5,11,2,16,,49,,31,2.3,88,25,27,83,,19,6.8,12,260,,60,435,48,390,11,45,90,718
2023,"Joshua Dobbs","2TM","28","QB",13,12,262,417,2464,3307,7.9,1452,5.5,3.5,1012,3.9,13,0,15,,67,,30,,121,23,58,111,,36,9.2,9,283,,40,355,32,284,7,71,86,485
2023,"Justin Fields","CHI","24","QB",12,12,216,354,2414,2812,7.9,1246,5.8,3.5,1168,5.4,25,0,13,,56,,39,2.7,139,42,33,114,,40,8.7,10,241,,60,480,39,397,16,83,69,491
2023,"Kirk Cousins","MIN","35","QB",8,8,216,311,2331,2256,7.3,1340,6.2,4.3,991,4.6,5,2,16,,39,,17,2.5,106,21,45,83,,3,7,3,250,,15,39,13,39,0,0,85,616
2023,"Joe Burrow","CIN","27","QB",10,10,244,365,2309,2315,6.3,1070,4.4,2.9,1239,5.1,11,1,21,,52,,24,2.2,83,13,37,74,,14,6.5,10,267,,55,263,54,262,1,1,35,361
2023,"Zach Wilson","NYJ","24","QB",12,11,221,368,2271,2672,7.3,1158,5.2,3.1,1113,5,20,3,22,,54,,46,2.5,113,47,41,134,,25,8.6,8,267,,15,69,14,69,0,0,74,635
2023,"Mac Jones","NE","25","QB",11,11,224,345,2120,2390,6.9,905,4,2.6,1215,5.4,6,0,16,,54,,22,2.2,92,30,24,76,,11,7.3,8,254,,28,143,27,138,1,5,51,393
2023,"Kenny Pickett","PIT","25","QB",12,12,201,324,2070,2284,7,1020,5.1,3.1,1050,5.2,13,1,11,,57,,23,2.4,81,33,37,93,,14,5.1,9,222,,18,148,18,148,0,0,46,352
2023,"Aidan OConnell","LV","25","QB",10,9,193,312,1974,2350,7.5,994,5.2,3.2,980,5.1,15,0,14,,53,,22,2.4,86,7,20,49,,0,,7,215,,11,65,11,65,0,0,66,512
2023,"Will Levis","TEN","24","QB",9,9,149,255,1808,2695,10.6,1062,7.1,4.2,746,5,7,2,12,,41,,28,2.5,88,8,46,82,,9,6.3,5,165,,20,115,15,112,3,3,61,574
2023,"Jake Browning","CIN","27","QB",8,6,153,219,1780,1458,6.7,750,4.9,3.4,1030,6.7,8,0,7,,20,,22,2.5,72,22,24,68,,14,7.5,7,166,,22,163,20,163,1,0,28,365
2023,"Joe Flacco","CLE","38","QB",5,5,123,204,1616,1886,9.2,938,7.6,4.6,678,5.5,7,0,9,,35,,8,2.6,46,19,14,41,,0,,3,138,,9,177,9,177,0,0,63,704
2023,"Kyler Murray","ARI","26","QB",7,7,154,238,1537,1788,7.5,731,4.7,3.1,806,5.2,4,1,8,,32,,17,2.4,66,18,16,51,,17,8.2,9,171,,25,102,18,85,4,17,35,354
2023,"Ryan Tannehill","TEN","35","QB",9,7,132,204,1448,1679,8.2,782,5.9,3.8,666,5,6,2,10,,27,,30,2.5,56,8,26,64,,8,8.3,5,146,,10,66,9,54,1,12,52,512
2023,"Jimmy Garoppolo","LV","32","QB",6,6,110,168,1205,1370,8.2,737,6.7,4.4,468,4.3,3,1,5,,29,,13,2.5,49,5,15,33,,8,4.9,5,117,,3,16,3,16,0,0,36,309
2023,"Bailey Zappe","NE","24","QB",9,5,115,182,1184,1361,7.5,595,5.2,3.3,589,5.1,8,1,7,,32,,18,2.4,77,11,8,37,,8,8,4,133,,10,49,9,45,1,4,27,339
2023,"Deshaun Watson","CLE","28","QB",6,6,105,171,1115,1566,9.2,616,5.9,3.6,499,4.8,5,1,12,,34,,17,2.5,59,13,18,48,,17,6.2,4,118,,20,115,17,116,1,-1,34,334
2023,"Tommy DeVito","NYG","25","QB",8,6,112,176,1087,1156,6.6,513,4.6,2.9,574,5.1,10,0,8,,21,,36,2.6,67,16,9,61,,23,5.4,7,127,,15,122,12,114,2,8,19,138
2023,"Tyrod Taylor","NYG","34","QB",10,4,93,148,1044,1230,8.3,603,6.5,4.1,441,4.7,7,6,9,,20,,16,2.3,48,16,14,46,,22,6.3,1,108,,10,149,8,142,1,7,21,182
2023,"Nick Mullens","MIN","28","QB",4,2,70,104,910,980,9.4,574,8.2,5.5,336,4.8,1,1,1,,23,,8,2.6,26,9,14,31,,4,3.5,1,76,,7,26,7,26,0,0,36,336
2023,"Daniel Jones","NYG","26","QB",6,6,108,160,909,1083,6.8,469,4.3,2.9,440,4.1,7,0,6,,21,,30,2.3,47,17,17,64,,20,8,5,120,,30,198,23,160,6,38,30,262
2023,"Taylor Heinicke","ATL","30","QB",5,4,74,136,890,1142,8.4,387,5.2,2.8,503,6.8,6,2,8,,31,,8,2.5,37,9,13,30,,13,9.6,2,89,,18,186,17,185,1,1,31,317
2023,"Easton Stick","LAC","28","QB",4,3,83,127,871,896,7.1,471,5.7,3.7,400,4.8,1,1,2,,27,,11,2.4,55,5,6,22,,3,4,3,87,,27,218,19,182,8,36,23,171
2023,"Tyson Bagent","CHI","23","QB",5,4,94,143,859,835,5.8,362,3.9,2.5,497,5.3,5,0,6,,19,,5,2.6,48,11,10,26,,11,8.5,4,106,,15,76,12,73,1,3,21,206
2023,"PJ Walker","CLE","28","QB",6,2,54,111,674,890,8,276,5.1,2.5,398,7.4,3,1,6,,32,,11,2.6,29,7,20,38,,4,4.3,4,61,,9,94,5,78,3,16,23,70
2023,"Trevor Siemian","NYJ","32","QB",4,2,78,133,654,629,4.7,233,3,1.8,421,5.4,6,0,1,,27,,7,2.2,29,1,12,20,,6,5.8,3,88,,1,0,1,0,0,0,15,66
2023,"Mitchell Trubisky","PIT","29","QB",5,2,67,107,632,983,9.2,358,5.3,3.3,274,4.1,1,1,5,,20,,7,2.4,18,6,8,21,,8,6.3,1,82,,4,24,3,19,1,5,8,37
2023,"Anthony Richardson","IND","21","QB",4,4,50,84,577,668,8,280,5.6,3.3,297,5.9,3,0,6,,17,,7,2.6,24,10,5,22,,9,4.7,2,60,,19,147,11,88,6,59,8,41
2023,"Mason Rudolph","PIT","28","QB",3,2,37,54,567,441,8.2,263,7.1,4.9,304,8.2,5,0,0,,6,,3,2.3,17,3,3,9,,2,4.5,1,39,,6,65,5,58,1,7,9,65
2023,"Drew Lock","SEA","27","QB",4,2,48,76,543,621,8.2,238,5,3.1,305,6.4,1,0,6,,12,,6,2.3,14,7,1,14,,3,5,4,54,,7,15,7,15,0,0,15,157
2023,"Dorian Thompson-Robinson","CLE","24","QB",8,3,60,112,440,664,5.9,238,4,2.1,202,3.4,4,2,11,,21,,6,2.4,38,7,10,23,,6,7.2,2,74,,17,73,13,59,3,14,9,41
2023,"Andy Dalton","CAR","36","QB",3,1,34,58,361,478,8.2,233,6.9,4,128,3.8,1,0,5,,11,,3,2.2,14,2,5,10,,1,10,2,39,,2,16,1,15,1,1,3,15
2023,"Tim Boyle","NYJ","29","QB",3,2,48,77,360,474,6.2,170,3.5,2.2,190,4,2,0,4,,18,,9,2.3,7,8,6,23,,0,,1,56,,3,45,3,45,0,0,12,53
2023,"CJ Beathard","JAX","30","QB",7,1,40,53,349,351,6.6,199,5,3.8,150,3.8,3,0,2,,4,,6,2.2,14,1,5,12,,4,9.5,1,42,,1,0,0,0,0,0,4,17
2023,"Case Keenum","HOU","35","QB",2,2,34,53,291,389,7.3,151,4.4,2.8,140,4.1,2,0,2,,7,,6,2.5,16,1,5,12,,0,,0,37,,7,26,7,26,0,0,5,21
2023,"Jameis Winston","NO","29","QB",6,0,25,47,264,603,12.8,179,7.2,3.8,85,3.4,1,0,3,,10,,2,2.1,19,3,2,7,,0,,0,35,,1,11,1,11,0,0,1,11
2023,"Brian Hoyer","LV","38","QB",3,1,23,42,231,344,8.2,151,6.6,3.6,80,3.5,0,0,1,,10,,1,2.1,14,1,1,3,,0,,1,24,,1,6,1,6,0,0,8,72
2023,"Jacoby Brissett","WAS","31","QB",3,0,18,23,224,178,7.7,154,8.6,6.7,70,3.9,1,0,1,,1,,0,2.5,2,0,2,2,,2,9.5,0,19,,0,0,0,0,0,0,3,21
2023,"Jarrett Stidham","DEN","27","QB",2,1,20,32,224,245,7.7,50,2.5,1.6,174,8.7,2,0,0,,4,,2,2.4,13,1,2,5,,2,3,0,20,,1,0,1,0,0,0,7,68
2023,"Davis Mills","HOU","25","QB",6,0,18,39,173,301,7.7,95,5.3,2.4,78,4.3,1,0,4,,8,,2,2.4,7,2,1,5,,1,9,1,24,,1,0,1,0,0,0,3,8
2023,"Brett Rypien","LA","27","QB",2,1,18,38,172,323,8.5,88,4.9,2.3,84,4.7,1,0,2,,6,,2,2.4,8,2,4,8,,3,6.3,4,27,,1,0,0,0,0,0,6,13
2023,"Jaren Hall","MIN","25","QB",3,2,13,20,168,156,7.8,69,5.3,3.5,99,7.6,1,0,0,,5,,4,2.7,9,1,2,7,,3,5.3,0,14,,1,17,1,17,0,0,5,46
2023,"Cooper Rush","DAL","30","QB",6,0,15,20,114,189,9.5,60,4,3,54,3.6,0,0,0,,5,,1,1.9,11,0,0,1,,0,,0,15,,1,0,1,0,0,0,6,57
2023,"Sam Darnold","SF","26","QB",9,0,12,20,108,119,6,41,3.4,2.1,67,5.6,0,0,0,,6,,3,2.5,2,1,0,4,,1,9,0,13,,1,6,1,6,0,0,3,17
2023,"Taysom Hill","NO","33","QB",15,6,6,11,83,126,11.5,65,10.8,5.9,18,3,0,0,0,,3,,1,2.6,9,0,0,1,,4,9.3,1,7,,17,99,2,0,15,99,3,14
2023,"Mike White","MIA","28","QB",6,0,5,6,74,23,3.8,23,4.6,3.8,51,10.2,0,0,0,,0,,0,1.7,1,0,0,0,,0,,0,5,,0,0,0,0,0,0,0,0
2023,"Malik Willis","TEN","24","QB",3,0,4,5,74,39,7.8,19,4.8,3.8,55,13.8,0,0,0,,1,,4,2.8,0,0,0,4,,3,5.7,0,4,,0,0,0,0,0,0,1,9
2023,"Clayton Tune","ARI","24","QB",6,1,12,21,62,53,2.5,19,1.6,0.9,43,3.6,0,0,1,,2,,7,2.2,4,1,3,11,,5,5.6,3,15,,1,2,1,2,0,0,5,28
2023,"Tyler Huntley","BAL","25","QB",4,0,6,9,57,79,8.8,32,5.3,3.6,25,4.2,0,0,0,,2,,0,1.9,1,0,0,0,,1,6,0,6,,0,0,0,0,0,0,2,7
2023,"Keenan Allen","LAC","31","WR",13,13,1,2,49,39,19.5,22,22,11,27,27,0,0,0,,1,,0,3.3,2,0,0,0,,0,,0,1,,0,0,0,0,0,0,0,0
2023,"Sean Clifford","GB","25","QB",2,0,1,1,37,34,34,34,34,34,3,3,0,0,0,,0,,0,2.4,1,0,0,0,,0,,0,1,,0,0,0,0,0,0,0,0
2023,"Blaine Gabbert","KC","34","QB",1,0,3,5,31,31,6.2,22,7.3,4.4,9,3,0,0,1,,1,,0,2.2,1,0,2,2,,0,,0,4,,1,5,1,5,0,0,1,5
2023,"Jalen Reeves-Maybin","DET","28","LB",16,0,1,1,31,22,22,22,22,22,9,9,0,0,0,,0,,0,1.7,0,0,0,0,,0,,0,1,,0,0,0,0,0,0,0,0
2023,"Braden Mann","PHI","26","P",14,0,1,1,28,11,11,11,11,11,17,17,0,0,0,,0,,0,2.1,0,0,0,0,,0,,0,1,,0,0,0,0,0,0,0,0
2023,"Drake London","ATL","22","WR",15,15,1,1,22,12,12,12,12,12,10,10,0,0,0,,0,,0,2.1,0,1,0,1,,0,,0,1,,1,22,1,22,0,0,0,0
2023,"Thomas Morstead","NYJ","37","P",16,0,1,1,18,10,10,10,10,10,8,8,0,0,0,,0,,0,1.9,1,0,0,0,,0,,0,1,,0,0,0,0,0,0,0,0
2023,"Kenneth Gainwell","PHI","24","RB",15,1,1,1,17,17,17,17,17,17,0,0,0,0,0,,0,,0,1.7,0,0,0,0,,0,,0,1,,15,68,0,0,15,68,1,17
2023,"Marcus Mariota","PHI","30","QB",2,0,2,3,16,5,1.7,5,2.5,1.7,11,5.5,0,0,0,,0,,0,2.7,0,0,0,0,,1,5,1,2,,0,0,0,0,0,0,0,0
2023,"Derrick Henry","TEN","29","RB",16,16,2,3,14,27,9,14,7,4.7,0,0,0,0,0,,1,,0,2.1,1,0,0,0,,0,,0,2,,13,62,2,12,11,50,0,0
2023,"Dontayvion Wicks","GB","22","WR",14,5,1,1,14,9,9,9,9,9,5,5,0,0,0,,0,,0,0.9,0,0,0,0,,0,,0,1,,0,0,0,0,0,0,0,0
2023,"Logan Cooke","JAX","28","P",16,0,1,1,13,4,4,4,4,4,9,9,0,0,0,,0,,0,2.3,1,0,0,0,,0,,0,1,,0,0,0,0,0,0,0,0
2023,"Jakobi Meyers","LV","27","WR",15,15,2,3,12,12,4,12,6,4,0,0,1,0,0,,0,,0,2,2,0,0,0,,0,,0,2,,1,3,1,3,0,0,2,9
2023,"Tommy Townsend","KC","27","P",16,0,1,1,11,11,11,11,11,11,0,0,0,0,0,,0,,0,2,1,0,0,0,,0,,0,1,,0,0,0,0,0,0,0,0
2023,"Johnny Hekker","CAR","33","P",16,0,1,1,7,-4,-4,-4,-4,-4,11,11,0,0,0,,0,,0,2.2,1,0,0,0,,0,,0,1,,0,0,0,0,0,0,0,0
2023,"Devin Singletary","HOU","26","RB",16,9,1,1,6,6,6,6,6,6,0,0,0,0,0,,0,,0,2.7,0,0,1,1,,0,,0,1,,0,0,0,0,0,0,1,6
2023,"Jerick McKinnon","KC","31","RB",12,0,1,1,4,-3,-3,-3,-3,-3,7,7,0,0,0,,0,,0,0.5,0,0,0,0,,0,,0,1,,2,11,1,4,1,7,0,0
2023,"Tyler Boyd","CIN","29","WR",16,13,0,1,0,-8,-8,0,,0,0,,0,0,0,,1,,0,2.1,1,0,1,1,,0,,0,0,,1,0,1,0,0,0,0,0
2023,"Chris Godwin","TB","27","WR",16,16,0,1,0,18,18,0,,0,0,,0,0,0,,0,,0,3.3,0,0,0,0,,0,,0,0,,0,0,0,0,0,0,1,0
2023,"Connor Heyward","PIT","24","TE",16,6,0,1,0,-4,-4,0,,0,0,,0,0,0,,0,,0,2.1,1,0,0,0,,0,,1,1,,0,0,0,0,0,0,1,0
2023,"Justin Jefferson","MIN","24","WR",9,8,0,1,0,20,20,0,,0,0,,0,0,0,,1,,0,3.2,1,0,1,1,,0,,0,0,,1,0,1,0,0,0,0,0
2023,"Aaron Rodgers","NYJ","40","QB",1,1,0,1,0,17,17,0,,0,0,,1,0,0,,0,,1,3.2,0,1,1,3,,0,,0,0,,0,0,0,0,0,0,0,0
2023,"Deebo Samuel","SF","27","WR",14,14,0,1,0,11,11,0,,0,0,,1,0,0,,0,,0,0.6,0,0,1,1,,0,,0,0,,3,-3,1,0,2,-3,0,0
2023,"Jonnu Smith","ATL","28","TE",16,5,0,1,0,7,7,0,,0,0,,0,0,0,,1,,0,1.5,0,0,0,0,,0,,0,0,,0,0,0,0,0,0,0,0
2023,"Kadarius Toney","KC","24","WR",13,2,0,1,0,16,16,0,,0,0,,0,0,0,,1,,0,4.7,0,1,0,1,,0,,0,0,,3,14,0,0,3,14,1,0
2023,"Kyle Trask","TB","25","QB",2,0,0,1,0,3,3,0,,0,0,,0,0,1,,0,,0,2.3,0,0,0,0,,0,,0,1,,0,0,0,0,0,0,0,0
2023,"Garrett Wilson","NYJ","23","WR",16,16,0,1,0,10,10,0,,0,0,,0,0,0,,1,,0,2.6,0,0,0,0,,0,,0,0,,0,0,0,0,0,0,0,0
2023,"Christian Kirk","JAX","27","WR",12,12,1,2,-1,25,12.5,-1,-1,-0.5,0,0,0,0,0,,1,,0,2.9,1,0,0,0,,0,,0,1,,1,-1,1,-1,0,0,1,0
2023,"AJ McCarron","CIN","33","QB",1,0,1,1,-1,-1,-1,-1,-1,-1,0,0,0,0,0,,0,,0,2.8,0,0,0,0,,0,,0,1,,0,0,0,0,0,0,0,0
2023,"JaMarr Chase","CIN","23","WR",15,15,1,1,-7,-7,-7,-7,-7,-7,0,0,0,0,0,,0,,0,3,0,0,0,0,,0,,0,1,,2,-15,1,-7,1,-8,0,0
